"index","round_1","round_2","round_3","round_4","round_5","round_6","round_7","round_8","round_9","round_10","round_11","round_12","round_13","round_14","round_15","round_16","round_17","round_18","round_19","round_20","round_21","round_22","round_23","round_24","round_25","round_26","round_27","round_28","round_29"
1,4296,1919,5315,1994,11183,14811,8561,2062,13884,1127,1377,4395,5487,3342,7643,1822,5762,2352,2606,3607,1170,7449,3782,13879,206,98,1044,1456,1585
2,NA,NA,NA,NA,NA,NA,NA,NA,37,30,31,22,17,20,18,16,10,25,9,28,22,33,20,23,6,9,15,10,6
3,111,101,103,81,139,151,104,31,41,27,34,30,17,21,31,23,18,25,20,45,34,54,40,37,5,11,32,7,10
4,194,105,153,73,147,117,136,65,38,20,21,46,36,38,44,26,28,48,48,51,31,58,40,85,12,140,56,33,58
5,NA,NA,6333,9883,9496,10703,7929,1794,1676,1033,1129,892,625,731,629,699,644,850,571,1176,1245,2849,1141,1061,262,425,810,352,344
6,1123,1001,1057,2506,6866,3499,2411,846,614,397,455,428,274,248,272,395,343,501,333,591,578,1184,353,264,65,124,234,5666,13868
7,1014,382,1118,1178,695,2560,2054,1870,9402,1202,4088,771,3607,5757,5485,956,1741,11767,5131,12523,32809,32115,10565,16696,2256,1810,12970,5255,8110
8,10868,3089,4160,7178,1929,1637,1843,1672,1413,1702,12607,20602,19084,13525,7867,7919,3510,1698,3012,2103,3922,2726,2586,3161,3849,2929,3740,1570,3409
9,342,146,351,454,453,405,491,213,228,170,256,233,231,203,204,123,122,148,97,197,169,303,171,334,143,310,437,215,350
10,3122,2636,1651,607,968,1010,659,272,244,179,317,214,106,118,107,138,152,176,139,197,187,1023,1039,797,184,331,674,250,298
11,NA,NA,NA,NA,NA,6921,3664,627,814,633,401,343,209,191,191,264,232,337,181,359,336,376,16,24,5,11,14,7,8
12,8806,1452,6579,376,122,75,81,55,58,44,80,42,28,43,38,28,33,46,27,50,43,99,79,121,19,26,79,26,34
13,NA,NA,NA,NA,3315,1611,941,188,216,129,176,167,77,100,100,107,121,182,123,246,231,463,179,189,34,70,157,72,68
14,NA,NA,NA,NA,NA,NA,3489,937,772,484,571,500,318,360,331,343,331,475,332,658,575,1334,561,452,110,206,397,181,200
15,61,32,51,1569,7356,2770,16729,7362,25675,18782,66280,35474,30990,22606,17261,29900,57107,31765,13481,41066,35472,78777,22764,43244,10168,25996,44440,18114,14884
16,10,4,8,4,5,4,1,1,3,2,3,4,2,2,3,2,0,3,2,4,2,8,1,5,0,1,1,2,0
17,93,62,86,41,54,29,33,33,51,33,40,10,14,19,16,9,15,19,25,23,15,34,511,7109,58,50,96,25,30
18,3896,14072,19628,10609,14357,10367,32529,6796,17041,6700,28193,10152,30697,61574,28198,5983,6338,6941,12644,30828,13410,29550,31391,10578,3322,3744,3347,1546,10121
19,94,78,77,49,66,56,66,39,37,31,43,18,16,23,12,13,15,25,19,38,26,39,37,61,5,21,25,14,19
20,642,14609,1834,1528,529,335,350,380,744,217,501,567,1188,10412,1781,864,334,414,151,247,5855,6445,12873,17359,3245,4826,7535,5777,7027
21,NA,NA,NA,NA,NA,NA,NA,868,465,353,407,341,214,176,183,222,197,321,177,316,348,656,294,224,56,118,300,137,110
22,2064,2065,1725,2051,4147,3043,2113,14766,26347,15233,25872,21893,10148,9230,36523,17282,7684,14691,5312,15517,20339,15131,2887,3928,938,688,225,94,121
23,20761,20493,7041,5220,11718,4700,1571,602,1824,1612,2620,823,551,14858,8863,11586,21177,6296,31012,57575,17598,27271,36188,11099,1392,2292,4250,3185,8674
24,101,78,113,57,93,82,69,33,38,23,41,26,25,36,36,21,27,34,24,67,48,87,65,59,23,22,78,74,95
25,331,255,243,160,188,181,114,67,61,63,68,46,24,69,49,31,30,39,33,53,68,72,29,39,14,26,22,12,10
26,2007,2014,1733,1656,3353,2316,1557,522,630,416,496,421,272,262,298,372,330,549,335,605,562,1199,17281,49159,10595,16018,32066,11795,1112
27,NA,NA,NA,NA,NA,2844,1761,570,611,459,508,430,256,288,306,260,283,361,228,484,429,886,420,335,74,151,310,109,172
28,46636,85197,103234,58974,15400,32609,13949,2215,8779,34354,52763,12149,10541,5985,6017,4089,3434,4100,6247,4820,8138,8215,3851,1661,241,4284,5439,4467,19768
29,59,50,58,35,45,42,43,25,24,21,24,27,10,20,23,26,21,21,13,36,45,40,32,42,13,17,18,14,15
30,97,53,62,73,73,65,64,23,53,39,38,24,24,31,34,20,26,26,28,44,59,68,43,101,35,51,83,54,48
31,11805,4947,18313,18481,5553,5271,12804,3490,7288,11268,4507,4242,1702,5841,16061,2440,4463,1065,1691,1051,12165,3288,21144,43556,4715,3718,12833,3865,2877
32,138,41,832,239,158,90,77,48,182,77,74,39,31,45,38,37,114,71,92,58,181,119,2393,2873,629,3224,24408,9880,9458
33,2424,2625,1396,3473,1037,3119,1196,2308,5701,5499,3971,1690,2180,4728,3412,3601,748,1306,2237,2118,1935,1758,1357,1614,58,227,624,241,166
34,NA,NA,60,42,63,59,55,36,54,33,45,17,24,28,26,21,15,22,15,19,18,30,40,51,8,14,35,17,20
35,651,596,350,2699,639,356,325,145,252,173,214,135,106,129,119,80,72,147,110,182,126,187,112,155,37,72,110,89,106
36,15491,13221,3297,3515,11457,6277,30525,8686,25062,7415,10505,12855,6512,10453,2816,6108,3875,16894,9051,18314,49112,34590,37938,48776,4331,4735,5555,9325,34912
37,59369,47310,64766,46259,45573,81626,36208,93196,39670,58018,92799,30142,23747,12724,39903,50314,60007,30644,17683,18766,19374,52302,31145,38919,8379,15151,14099,16814,5953
38,615,352,274,7857,16127,15743,21214,8833,25298,13560,12389,11628,12701,13325,16702,13225,11494,20191,15379,30810,51054,45795,23231,732,171,242,546,258,243
39,112,52,58,62,69,79,64,40,63,45,66,39,46,29,49,28,32,56,40,61,58,89,47,68,22,22,56,30,21
40,146,65,55,34,61,81,66,50,62,64,35,38,17,136,781,556,183,58,31,1910,1872,7656,899,7028,273,360,329,92,247
41,NA,NA,NA,NA,NA,NA,NA,NA,NA,NA,NA,NA,NA,NA,NA,NA,NA,NA,NA,NA,NA,NA,NA,NA,NA,92,11803,1918,6103
42,51423,63608,92272,102118,88239,70806,68788,36115,46267,32534,23242,18893,12163,8972,7531,6034,5950,12001,14973,18884,7945,23434,19881,14016,1187,1916,8268,3819,4429
43,NA,NA,1526,1657,2483,1831,1290,518,539,367,342,315,161,179,198,202,163,272,180,643,480,762,280,273,56,15,19,8,8
44,14247,8153,75543,27407,25929,22550,55669,21959,36407,25706,5372,3792,952,5627,3883,3506,794,8163,669,842,3359,1411,650,3772,238,260,562,522,331
45,73,57,81,44,80,61,61,38,34,29,23,25,16,19,22,16,9,24,15,26,1809,844,433,5643,227,260,748,904,2029
46,1513,2020,1025,1035,2179,1907,1337,489,499,336,336,313,174,175,188,217,175,276,184,346,405,763,322,300,71,132,249,121,150
47,1752,50960,7870,16292,3727,2140,1049,1690,714,1678,547,46,33,32,357,454,465,1075,343,371,1371,540,1739,10300,932,1017,1075,1662,4310
48,110,122,117,154,111,91,98,86,70,54,880,739,490,3643,212,78,45,75,58,231,246,251,149,298,79,198,211,44,13
49,NA,NA,NA,NA,NA,NA,NA,NA,NA,NA,NA,827,695,642,398,179,168,239,155,260,275,535,228,197,32,88,187,68,84
50,6099,3191,19272,8203,145821,41516,34170,24756,16495,11282,3751,3289,6509,22953,24413,13277,6060,16320,6734,6959,6336,13274,7872,36615,10434,11657,37829,7440,8371
51,NA,NA,NA,NA,NA,NA,NA,NA,NA,NA,NA,NA,NA,NA,NA,714,745,1214,336,372,340,773,328,264,65,99,243,81,106
52,1062,845,780,854,2125,1691,1090,450,466,323,287,252,168,183,195,163,171,293,188,379,355,800,327,360,93,132,340,131,135
53,NA,NA,NA,NA,NA,NA,NA,NA,NA,NA,4356,278,147,92,69,50,27,51,51,66,70,193,178,219,51,102,192,75,73
54,24693,23589,7408,22871,11079,8516,7888,4577,8942,14689,1079,9483,1730,2099,7475,2761,868,5396,4190,4250,67312,7112,2402,831,1585,2219,20941,15648,10253
55,99,69,47,68,57,77,59,27,51,6060,113,30,27,16,34,18,20,28,28,32,28,40,46,179,12,17,42,12,27
56,NA,NA,NA,NA,NA,NA,NA,NA,NA,NA,1220,873,319,278,279,215,203,292,173,311,188,515,255,260,44,101,201,91,106
57,NA,NA,NA,NA,NA,NA,NA,NA,NA,NA,NA,NA,NA,NA,NA,NA,NA,NA,550,1208,938,2434,958,481,92,200,424,129,155
58,1609,10699,4068,31782,6091,3640,1260,2493,8593,1980,1002,3986,4025,3618,8477,14568,6980,1821,816,6390,820,2968,917,197,19,44,79,721,204
59,NA,NA,96,61,43,39,32,30,38,20,51,18,20,8,27,16,12,11,10,17,12,16,21,104,179,177,403,3375,2406
60,90,67,42,10,8,3,8,3,6,3,0,1,0,2,6,4,2,5,6,2,2,6,3,2,1,2,1,3,0
61,54787,103284,58245,22486,15712,15599,6799,942,2352,2739,1490,858,4514,6888,6789,2437,5464,6494,3454,11749,13708,21054,23619,21237,6319,5027,14458,4783,5183
62,2819,3158,2568,3134,6532,6480,4300,1921,3868,2548,2389,1900,1318,1599,1668,3952,3323,4517,2740,5441,7001,14517,5933,3618,793,1189,2399,1106,904
63,NA,NA,NA,NA,NA,NA,NA,1778,1886,1526,1398,976,454,403,277,218,212,273,190,384,409,584,272,247,55,96,218,90,121
64,218,146,134,149,208,220,155,76,122,60,91,84,62,164,1095,8776,14636,28441,9599,12338,68200,44111,22116,14915,1125,1069,5203,3579,2737
65,8421,7370,5274,5867,6242,9953,9798,37074,13258,6844,4932,2892,1835,805,1983,1335,984,2133,870,1627,5963,4207,1947,2364,371,600,719,587,1952
66,18,9,11,8,8,7,4,4,5,5,6,3,1,4,6,5,0,4,1,4,4,7,2,3,0,0,2,0,0
67,NA,NA,NA,NA,NA,NA,NA,NA,NA,NA,NA,NA,NA,NA,974,849,623,963,498,943,693,1466,733,754,134,253,588,289,311
68,14241,7728,12765,3801,18828,38577,29949,16658,21369,3412,4057,12446,11882,8597,16552,5468,16614,21731,61100,58042,10556,120225,51214,29163,1999,5856,5143,18278,4073
69,741,458,185,65,94,42,22,26,29,22,47,68,135,140,271,142,126,215,137,568,420,2940,1315,374,38,109,160,145,507
70,NA,NA,NA,NA,NA,NA,NA,NA,NA,NA,134,112,73,75,140,107,80,117,95,114,59,173,72,94,1,2,3,0,4
71,94,132,21,11,8,12,4,4,3,5,5,3,2,3,5,1,0,3,1,6,2,8,3,7,1,1,1,1,1
72,4013,673,1356,317,492,757,4941,578,576,304,114,88,175,155,228,164,118,170,142,243,107,5086,2797,575,77,119,164,137,238
73,436,196,15,5,7,7,5,5,5,7,7,3,1,2,2,3,1,1,3,2,6,5,5,2,0,0,1,2,3
74,63373,11943,11494,33516,90520,78540,16677,11428,19369,15865,41747,78483,62815,74289,79505,23127,26270,8117,11888,29657,3818,417,2931,2372,173,699,575,2892,1186
75,441,2670,5257,1473,7618,6170,263,457,2735,1176,1404,4454,6525,5105,9215,6205,20299,20279,16133,12760,6627,3211,154,11664,518,8039,2910,5862,9300
76,NA,NA,NA,NA,NA,NA,NA,NA,NA,NA,NA,NA,NA,NA,NA,NA,NA,NA,NA,NA,NA,169,170,83,29,42,53,27,34
77,869,881,748,392,623,776,604,6376,8500,2309,405,557,429,269,632,715,423,428,366,488,186,1101,424,387,57,162,241,220,188
78,5427,2028,5859,3102,27519,81203,149070,64838,158686,25259,22877,57689,57058,41113,56396,21957,76548,55712,6035,3525,665,1953,931,144852,49430,19246,54931,9989,788
79,2575,2143,2132,1692,12256,17163,3979,140,147,112,236,68022,51838,50182,9135,1323,1239,3678,10026,56842,11478,42833,11332,11845,858,4496,3861,10630,12656
80,63,78,80,13,34,60,75,24,511,220,1629,348,1108,154,370,54,102,631,132,251,3115,698,342,264,90,176,604,237,303
81,758,287,168,623,93,3032,1033,889,8305,1282,8935,1883,4546,7398,3361,749,1001,13859,11061,10210,18202,14937,10548,5799,560,377,507,175,179
82,848,458,7585,5913,3232,2419,2976,838,49933,9960,60628,7565,13971,10436,22397,3384,6300,1277,8556,23742,47981,50271,13015,9546,1575,2731,8569,3626,9501
83,1221,904,6691,2309,1197,5805,5972,3072,20788,8883,27676,12023,13325,12815,11762,5391,5201,21716,10279,17097,23616,42830,8994,7596,1601,1232,4933,1437,10613
84,1877,1505,983,822,857,854,1857,4870,5533,4874,4123,1831,1346,1640,2141,1240,1142,2076,17331,17373,21228,31035,21672,21513,2777,4372,10071,5206,8128
85,10634,6488,2727,19993,42835,46400,21864,18533,31260,25546,23271,6562,4660,4955,6706,2430,2334,4187,2085,4097,4339,6858,4304,5180,760,1468,4564,2135,2568
86,4548,2992,30704,20657,26662,12588,5797,2083,2136,1271,4877,22452,16241,16818,20863,6032,6505,9329,2609,3828,4327,7782,6092,7466,814,1731,5442,2433,3442
87,NA,NA,248,43,39,43,30,18,50,26,39,27,29,23,29,16,23,28,16,77,43,95,28,1012,158,188,517,185,201
88,931,474,2216,1359,1326,11748,4718,5157,864,381,282,1017,917,3903,2739,1166,310,884,3006,2418,2557,3737,1442,2484,129,87,135,27,261
89,403,133,332,384,140,149,387,273,329,226,183,215,458,232,72,111,85,136,338,279,789,1128,612,767,61,15,191,1423,968
90,14319,3882,1841,3462,1720,1814,2776,1891,2945,3140,13543,11109,10360,6627,7413,2227,2207,2321,4554,25819,9976,6307,5393,3876,24843,19538,22351,19449,12894
91,17146,13162,5423,3666,3494,3689,1408,173,190,127,273,883,646,662,879,517,475,895,683,1072,1130,5083,4990,5847,1112,2332,6006,2867,4005
92,11928,2324,17613,18609,4680,16889,5956,9224,6109,9408,69506,92901,67505,38005,24961,4754,5773,2178,705,502,3691,6161,4770,3897,7069,9118,14300,2651,4853
93,1165,109,1493,1333,1771,1631,4250,4318,3719,3472,15563,396,1952,2169,2187,570,426,494,237,1220,1996,3415,3629,4762,5696,5313,5154,1765,2859
94,448,284,609,446,120,31,31,12,46,29,37,37,19,22,33,15,5,27,21,11,12,45,26,20,3,15,31,16,13
95,NA,NA,NA,NA,NA,NA,NA,NA,NA,NA,NA,NA,541,629,748,410,337,707,1100,825,685,1796,1001,836,176,360,1084,575,468
96,628,153,255,318,56,115,49,58,83,125,30838,18085,26959,14237,3049,304,244,386,978,731,616,6502,2296,2720,1161,820,1567,920,1140
97,132,56,155,66,100,105,90,57,82,43,112,53,69,332,583,2824,2368,8013,3399,7425,6715,20147,6074,13365,1436,273,114,138,90
98,7697,5734,5135,2752,3036,2889,2191,7344,9716,8406,6668,4307,3574,3624,4652,39774,53059,20197,18600,73841,68453,37909,14716,13900,2632,7306,20760,9816,4672
99,6106,1916,3440,2609,4071,6014,10936,4925,9696,20865,79520,49428,41016,1384,1567,324,3835,5663,2835,8172,2109,11355,3479,4591,1375,10785,22046,11118,29559
100,5907,4141,22112,7099,14354,11545,21528,8979,15180,26845,182507,92987,53524,71430,31848,2293,13869,87063,52841,122707,39555,65980,25843,43806,4383,22528,34622,17716,11598
101,521,245,618,1514,8779,2636,5918,1687,2888,1927,13896,25927,23055,16555,23184,72131,124183,73934,2534,5573,32522,83342,34809,38997,257,355,798,7796,13376
102,179,129,220,84,192,377,357,125,204,181,249,174,184,239,280,187,625,1496,733,2179,3331,8903,2570,10872,1238,5907,8483,853,461
103,58944,18104,22316,21510,33200,69327,228383,104732,149340,90375,238933,108893,78228,55363,54786,88228,6752,6746,3220,5240,2269,6883,2032,4238,1059,1447,18712,21759,12400
104,7160,243303,141335,40183,49331,9937,19305,11419,8763,4709,14137,31363,38354,47231,30588,7448,26664,134832,90551,174743,51193,173547,64279,60427,6770,9035,7595,9345,18538
105,7262,6785,17596,23984,44821,170585,88460,35193,72551,28378,182523,61663,70713,56332,35113,14740,20678,29946,33407,99797,30729,58232,28804,28098,3724,10335,21682,5086,14768
106,1201,325,490,1839,9281,2483,4036,4126,2354,703,5387,3021,7266,9348,3328,1740,1280,4055,1800,6039,1897,5240,222,665,367,638,559,271,347
107,544,1743,408,172,1601,1543,2067,1105,436,151,12229,10878,33467,72102,37389,18148,33188,60979,92088,9123,6343,32904,14575,13542,1029,242,8665,7349,24684
108,61444,68521,72716,23523,4309,1081,26641,14269,19179,9435,10521,2459,2018,99,97,50,58,97,73,99,68,1052,952,1216,27,411,447,53,46
109,NA,NA,NA,NA,NA,NA,NA,NA,NA,NA,NA,NA,NA,NA,NA,NA,NA,NA,NA,NA,NA,NA,NA,NA,412,176,227,51,85
110,3235,7643,4820,1200,3623,3376,2085,229,78,46,102,127,510,801,14198,2609,2900,5919,6333,15354,2940,5156,4384,40486,2267,4306,14533,4254,10496
111,1420,1221,2342,3159,4509,5385,5560,2409,1674,1225,2935,648,925,18390,11317,1776,2935,1501,5184,31208,38892,35347,32692,39765,2637,4257,3503,3586,10571
112,NA,NA,NA,NA,NA,NA,NA,NA,NA,NA,NA,NA,NA,NA,NA,NA,NA,NA,NA,NA,NA,NA,NA,176,47,75,189,82,65
113,66,128,71,5,13,8,16,10,9,5,8,4,6,5,5,8,2,7,3,11,5,8,5,3,1,0,2,2,0
114,NA,NA,2002,5030,2333,675,318,2095,764,567,3892,3227,7012,10143,1996,1328,828,733,645,818,1014,3028,629,646,188,288,604,161,246
115,714,2346,588,1501,277,300,65,934,4244,274,4699,4992,545,96,272,3645,501,8840,1245,1208,370,61,21,18,7,6,13,5,8
116,269,249,230,121,160,188,190,126,130,305,318,225,135,103,26,18,16,23,24,27,33,302,209,149,35,59,144,143,106
117,7095,10862,3342,2355,1177,347,455,586,316,233,1144,475,307,302,347,375,65,40,23,175,2365,4135,13497,6455,1433,1478,1059,260,598
118,NA,NA,NA,NA,NA,NA,NA,NA,NA,NA,NA,NA,NA,NA,NA,NA,NA,NA,NA,NA,NA,NA,NA,134,29,15,12,10,7
119,178,219,207,103,106,169,98,88,88,129,298,220,134,110,2132,236,163,4879,1468,1261,7739,15084,21329,16709,4015,1404,181,342,1026
120,207,50,44,36,19,22,21,13,17,25,18,22,14,17,25,21,14,33,21,17,134,92,317,106,11,9,24,57,23
121,149,111,2546,602,957,863,429,4099,2236,135,2275,905,7415,24194,77878,1527,600,706,274,98,45,88,84,1798,481,757,209,16,32
122,141,242,115,165,237,88,80,543,537,143,665,496,353,411,4815,1622,416,10387,1804,1003,952,929,14,24,6,8,14,33,387
123,26,20,22,23,49,62,47,43,56,34,74,64,38,46,59,33,20,89,48,64,29,110,76,61,10,23,41,26,27
124,585,1886,325,253,220,90,62,190,197,432,346,220,346,1933,116,387,269,5323,1180,2959,14759,55457,71552,20852,1755,1161,1013,5521,3368
125,2041,7752,1071,359,162,187,157,792,696,42,49,155,184,173,287,164,168,546,194,214,825,1269,1007,749,216,327,353,334,2265
126,209,666,190,214,107,137,254,307,412,228,477,1428,494,1706,2341,141,40,60,19,26,13,41,96,245,46,51,94,18,13
127,11868,8292,3932,1220,5891,4528,890,726,736,2034,12346,9698,1026,287,171,85,81,103,77,56,27,60,23,26,12,18,84,459,1563
128,80,92,74,47,48,63,53,51,39,31,46,35,23,30,36,22,18,72,41,44,21,94,34,364,914,677,216,419,6254
129,43,34,27,16,14,19,17,13,12,12,23,22,15,15,23,13,7,18,16,14,12,33,19,19,7,19,28,8,76
130,495,12160,8824,2189,1481,5592,611,2908,1660,801,1190,395,62,5907,11255,12886,21457,18029,9715,26294,1898,10186,13073,11062,513,724,4472,1987,3207
131,35997,20033,8689,2501,11068,296,301,610,818,1359,1722,511,744,1521,551,566,500,470,10272,1926,545,1419,1821,490,166,151,220,72,640
132,60861,28973,11712,3195,11294,413,1576,1058,1066,399,1610,550,155,884,773,524,860,722,4211,11036,1074,1009,839,670,540,591,1213,1431,3652
133,188,232,208,102,182,357,135,74,418,781,2212,1565,772,24128,17206,39934,60553,24662,104654,123314,16262,12762,13311,5494,412,1659,3728,2762,1917
134,277,404,303,462,495,501,363,149,196,160,332,1724,303,327,470,2191,1279,7199,669,2450,2598,697,196,182,700,1250,123,17,21
135,579,464,351,1048,9711,9401,6892,1067,479,116,70,127,102,1128,1590,1903,5544,4733,23732,52665,12629,13258,13200,4191,1725,4395,19431,10654,15153
136,254,194,110,84,117,115,73,35,55,32,27,26,22,31,20,19,7,20,21,22,24,35,16,13,5,8,27,10,8
137,2133,5008,2308,936,2798,3972,1010,485,551,1089,844,333,355,12075,6094,8212,26679,10882,10370,26744,1733,2983,2553,1207,196,928,1069,1328,83
138,331,415,272,190,603,1203,1064,635,854,520,4041,3443,1880,2535,1360,522,520,792,442,451,460,616,92,80,16,77,25,10,12
139,NA,38,66,29,36,49,25,14,30,21,885,50,33,47,51,29,67,91,89,55,20,56,34,42,7,30,147,47,594
140,138,802,571,122,155,190,27,13,14,15,29,15,9,19,18,14,11,11,11,15,51,104,69,47,11,24,48,14,29
141,180,190,115,64,103,98,56,23,44,31,28,18,18,15,18,20,15,9,13,18,16,36,21,12,5,9,27,8,7
142,NA,NA,NA,NA,NA,NA,NA,NA,NA,NA,NA,NA,NA,NA,NA,NA,NA,NA,NA,NA,NA,665,201,84,123,255,203,265,1063
143,6915,14005,15749,49739,41434,70101,23878,5081,15275,12802,5002,1762,745,683,711,873,723,397,1400,1693,843,386,90,271,274,25,47,22,432
144,89,218,122,97,217,243,248,179,1440,316,5493,2340,1891,1597,747,79,69,214,455,193,851,701,483,302,6,50,157,42,204
145,4928,79947,103333,19362,4888,61508,10690,1136,2229,8871,158,356,991,721,2144,8902,3993,11166,15987,8450,20676,29865,6649,2502,289,182,3302,3888,40627
146,541,1400,3943,1393,1256,2023,397,152,339,411,365,71,99,103,343,329,143,363,809,639,163,461,151,60,11,70,48,49,125
147,382,388,306,231,241,242,197,98,121,79,92,106,70,62,73,39,42,65,396,620,633,833,574,584,138,228,628,279,318
148,126204,125396,122213,25559,8603,20891,4868,1014,3592,4844,26312,3780,2284,2704,6687,24337,17220,43234,49671,21380,8523,13789,4647,1861,251,2798,8516,6331,25042
149,58,50,59,41,68,67,73,51,56,67,49,41,30,50,42,31,28,54,56,48,32,71,61,62,20,31,70,34,33
150,233,230,236,167,466,1466,325,449,384,5013,1146,749,300,1411,5674,2744,2708,1749,1647,1592,608,1326,13440,29449,5865,1108,4353,3378,2316
151,NA,NA,286,89,124,134,84,45,49,54,37,28,28,33,52,26,36,48,45,50,77,278,2600,10535,1101,463,2100,118,67
152,9334,5138,2720,2420,419,1407,4859,1675,2504,27203,4255,5465,1219,2936,1479,817,1945,730,1760,958,4173,4972,5162,2278,495,726,5027,1095,1524
153,102,114,51,199,356,35,36,18,19,32,35,27,20,15,31,19,11,28,25,27,17,36,48,106,31,56,145,110,75
154,20719,150947,64725,41614,12909,41281,39723,17972,16330,22419,29714,29061,5414,24145,62239,16961,62557,16866,74727,52261,58058,60600,76036,59867,10580,9174,57771,38752,28338
155,6228,3514,5557,7181,4874,8480,8487,3626,4326,5405,2621,5462,1628,6341,17021,5279,6810,3828,8133,4655,16979,753,105,117,31,42,2032,5614,4152
156,9411,15047,8945,12361,5517,10640,13613,4861,4819,5547,2463,7037,1946,8744,14956,6787,9030,1927,684,411,103,157,1209,12640,1696,2898,6639,3552,1032
157,34313,7159,6101,8624,4167,2004,843,1100,1725,1095,1504,8899,2372,2043,4360,3442,4330,1949,5816,43855,26446,54070,21772,17152,1260,5046,25285,12084,41116
158,378,142,177,39,43,42,49,44,34,40,45,26,18,21,28,21,16,20,16,21,13,43,25,16,7,16,36,16,13
159,NA,90,95,47,63,73,58,36,32,33,37,26,33,42,35,32,45,62,32,64,22,83,39,61,10,0,2,1,0
160,962,6171,65651,24135,6009,7716,2760,27739,34963,56454,53350,7724,10283,24193,16327,61930,10914,36752,62259,19254,15785,23990,32839,23313,8956,5132,6734,2748,1085
161,377,4922,495,665,4458,1184,335,392,1294,7214,9333,15756,13871,2564,4061,7748,15014,18863,24769,26890,7708,87317,20542,4217,201,163,3035,2205,3571
162,4644,600,1687,901,238,600,281,1558,1071,103,927,726,123,2024,3864,2099,2808,15962,13679,5586,2672,9136,3349,651,688,1565,2558,670,3271
163,5363,6629,12262,7251,2480,3055,1142,3948,6107,6559,48461,560,3931,8368,267,76,54,87,119,6512,2891,1126,2518,1766,524,702,3773,3930,618
164,5106,7526,1924,720,812,835,404,512,923,8485,1856,498,519,598,1693,1170,434,567,919,666,1242,1282,467,315,191,1025,1642,867,434
165,15373,2780,12834,19318,5343,15769,5236,21936,31053,27978,49244,22803,19860,64566,10047,318,194,267,82,99,107,889,635,2919,434,570,670,403,289
166,565,45796,5837,2009,1589,751,234,118,225,144,184,119,65,133,1799,5975,2233,14882,31075,46046,19102,11498,28400,13278,4570,8548,52402,113359,40162
167,1302,1713,3045,676,3932,3164,10639,7032,21713,17414,6265,4515,1571,3342,3473,2788,1514,6360,1580,23651,11605,138688,40675,41761,2858,12943,92188,29996,21359
168,NA,NA,NA,NA,NA,NA,NA,NA,NA,NA,NA,NA,NA,NA,NA,NA,NA,NA,NA,266,276,491,313,358,103,171,371,223,191
169,23137,24057,22050,48027,5533,12765,5391,1566,1071,682,1865,1228,665,583,847,712,1422,2805,6455,24852,25551,13548,18513,3273,295,11908,3983,18295,8524
170,21,16,11,7,6,3,7,1,4,5,4,7,2,2,4,7,1,9,1,6,2,5,0,2,1,0,2,0,0
171,21567,15125,3560,183,329,184,93,58,48,39,97,12374,5486,5901,1552,194,95,198,4021,1142,111,126,36,370,120,661,352,4185,2279
172,NA,NA,NA,NA,NA,NA,NA,NA,NA,NA,NA,NA,NA,NA,NA,NA,NA,NA,NA,NA,NA,NA,NA,NA,30005,8375,5999,1410,8581
173,721,1081,6745,44357,31176,1100,124,68,70,39,66,38,26,37,52,46,31,53,42,55,23,49,43,28,11,18,30,20,34
174,77990,59063,14616,22011,248272,124038,98878,70578,247407,59655,10132,129867,45773,61133,58207,182693,111128,206203,134109,155637,95947,97909,42561,23922,8141,15343,22025,24249,38488
175,25991,19780,3403,32442,66319,45149,85756,54757,50828,16222,91705,1832,212,246,273,141,158,373,578,937,6785,38964,31324,26906,1143,219,1537,1058,1224
176,58244,9742,7859,25342,70159,34700,48497,40243,29966,15934,30868,53998,15451,21016,6908,6838,3936,30138,15719,25427,28614,14924,15713,8903,2902,6952,8440,5229,24523
177,22851,186671,130915,39007,43406,78374,6728,776,851,9892,49603,1875,229,167,151,125,70,63,57,61,32,90,50,47,14,31,2161,3345,1081
178,33333,40018,34647,6025,2396,6591,739,1983,645,475,1358,822,390,319,339,287,276,495,544,772,296,511,159,42,9,12,28,16,22
179,622,170,157,352,229,598,202,1757,436,256,400,210,136,90,156,142,113,260,62,46,28,122,91,76,18,25,60,34,35
180,52220,92640,123780,60104,98327,121281,45678,160318,52195,154470,113760,4179,2654,1554,7872,33336,108935,102407,91153,88669,77747,189137,55602,71931,12778,9037,6733,572,393
181,3858,549,498,395,426,1699,289,604,536,148,328,1894,6136,6726,6600,6914,1561,1113,6622,2745,4229,9700,891,324,72,55,433,3515,1498
182,57,37,27,16,25,22,19,41,24,34,1410,3911,971,1389,1953,847,113,908,1397,1790,387,4875,382,236,90,1299,201,21,9
183,117,105,157,105,331,368,183,108,172,99,178,102,81,80,539,436,3326,1050,934,5691,7880,37163,30830,7018,782,6227,2047,686,479
184,2369,553,536,410,484,4579,1620,15617,5008,5735,51232,74571,23612,10664,10879,26203,22236,22252,3660,562,115,9348,8418,15076,7439,29804,13386,34615,18779
185,2545,1029,11610,15409,11780,9204,8069,2778,7304,4293,2868,1860,1762,1863,2634,1348,1110,1982,1572,2304,2783,5716,3285,2983,28,78,218,85,86
186,28256,24376,34823,11212,95405,77452,34902,119842,35199,30134,71619,36127,24271,14311,45533,45409,53480,12229,1781,1482,951,2892,52071,31360,12505,36742,17618,23274,6260
187,2478,1326,52776,74349,25651,10938,9564,6372,1693,1342,901,2900,733,3167,1868,1382,302,570,738,3845,6470,27416,7730,26090,3450,1863,713,1468,1378
188,307,62,45,17,39,21,26,8,16,12,239,216,112,72,78,33,44,127,120,1240,2690,3413,1874,3532,520,662,8704,2418,5034
189,3188,1920,2494,71774,20529,34055,19379,6803,6320,3737,3544,1880,1171,1438,1899,975,378,195,121,182,188,2530,1892,2197,358,667,1942,804,1436
190,2862,2060,2671,1741,620,502,286,108,6746,9878,8785,6782,4568,4475,5895,3528,2895,3727,2617,4190,3395,7591,4822,6995,1005,1996,5734,2790,4295
191,2825,1714,558,73,79,92,34,38,36,25,32,16,15,20,15,11,7,17,13,23,13,26,15,9,2,5,19,10,9
192,2070,876,1356,64858,346408,112163,46539,45884,67412,49474,2532,938,255,198,1452,2058,1175,3513,1674,25623,8675,51855,13771,23916,15428,12780,56256,21858,36732
193,223,71,469,277,89,77,78,445,1125,956,522,576,144,89,153,80,39,95,39,12,4,25,18,14,3,18,1407,208,1087
194,2844,1674,2909,5703,1716,674,4293,4693,13780,11826,5126,7119,2202,1140,2482,1724,552,751,563,3546,513,3760,260,495,51,49,155,127,139
195,24433,109935,158625,48145,150252,129262,87590,38363,31261,17789,17545,12481,5814,13043,21060,7263,4339,39237,30864,50220,49199,61593,51781,39048,11276,16702,32014,16129,6932
196,129,101,410,331,1242,1032,1889,2301,11983,6480,2800,10619,1365,820,703,623,283,548,519,4851,2272,12630,2125,1966,257,348,4938,909,2910
197,124,98,133,57,127,117,92,57,74,119,90,65,56,53,61,53,39,45,47,55,49,123,103,194,22,58,134,82,71
198,87314,24116,52819,8330,9346,9851,4231,4737,7100,8372,2701,3570,6301,10595,8732,8821,4043,11133,218,165,124,4212,1323,4970,540,805,2608,2827,4007
199,41939,21733,50808,15707,18344,22688,14509,8541,11560,10313,3557,5262,1467,926,145,126,566,295,45,53,60,138,882,7325,370,373,1212,1858,2670
200,NA,197,715,278,1070,1320,176,72,54,286,48,79,75,206,177,98,33,538,274,160,1348,129,150,1325,52,132,311,326,1688
201,231,126,150,75,78,87,57,44,74,64,49,39,29,79,40,30,24,44,30,43,1805,213,89,98,4,1,111,74,52
202,132,323,106,348,98,107,93,25,15,10,14,12,18,44,249,82,31,240,36,68,58,491,90,307,57,23,61,29,30
203,4174,1374,4705,1752,273,485,267,201,152,117,84,123,36,83,58,315,47,571,81,138,2212,763,385,4996,1347,7800,9331,8361,3001
204,121,138,144,55,77,32,27,48,84,58,41,46,19,11,31,25,13,81,67,113,115,119,60,25,0,0,1,2,0
205,10617,27465,37103,6170,17329,20728,52706,35593,78796,22931,9958,7663,1600,5825,2797,5364,5236,32265,8983,5108,28904,21942,639,9262,504,410,614,25,29
206,NA,NA,NA,NA,NA,NA,NA,NA,NA,NA,NA,NA,NA,NA,NA,NA,NA,NA,NA,NA,NA,58,2492,14555,2392,1408,1795,2237,1967
207,1570,11110,2795,822,79,126,1283,3316,979,43,16,16,14,16,62,146,399,985,437,235,1422,866,1177,418,33,155,82,148,504
208,NA,NA,NA,NA,NA,NA,NA,415,328,467,447,332,175,210,236,209,140,258,1254,2158,3338,17104,7354,6708,453,510,1574,792,626
209,337,378,315,311,484,1306,533,323,814,185,98,42,84,344,349,133,35,58,57,90,69,111,106,100,23,104,185,327,318
210,38,327,323,237,228,29,18,64,23,22,95,50,20,71,19,9,7,6,18,8,13,19,192,118,16,37,43,42,142
211,34,4,6,2,2,4,0,1,4,2,3,2,1,1,2,1,1,2,2,0,2,5,3,0,1,2,2,1,0
212,406,1616,783,1793,555,1579,324,1763,285,1111,765,506,143,1100,183,360,616,84,10,17,20,90,109,4811,380,498,1044,306,756
213,1663,7107,1878,130,85,60,41,35,500,1347,1442,1129,695,3109,892,2361,2687,5020,1219,104,22,43,93,5297,1869,1693,1219,225,184
214,NA,NA,NA,NA,NA,3973,1638,804,695,298,323,254,129,169,172,102,112,208,175,216,176,362,281,174,4,7,21,9,7
215,NA,NA,NA,NA,NA,NA,NA,NA,NA,NA,NA,NA,NA,NA,NA,NA,NA,NA,NA,NA,NA,NA,199,210,38,35,15,113,25
216,22,63,43,36,47,58,27,23,23,7,28,21,11,21,16,19,14,36,27,25,23,33,57,33,1,0,2,0,0
217,417,532,10420,10165,2592,288,2115,873,202,2563,1313,1869,344,518,169,270,217,1046,1127,1182,3742,3619,3620,1129,132,121,849,337,186
218,3145,19741,4606,6457,1624,3843,1096,2499,938,3771,2568,5417,1347,3955,1468,1117,230,116,921,531,2067,793,1609,2844,602,1134,701,882,1833
219,157,380,31,19,29,18,12,11,10,6,6,9,4,8,8,5,5,8,6,17,5,81,131,85,10,25,83,22,28
220,34371,12098,9680,2745,29919,14710,10280,38172,6456,6178,2028,3140,98,37,44,170,136,500,168,201,167,529,123,7873,3092,36837,49314,12942,3912
221,97,63,5,3,3,6,1,4,4,1,1,1,0,1,5,2,1,1,4,2,1,7,1,2,0,0,4,0,0
222,1421,1012,3647,929,4613,1124,749,1180,8003,15491,4536,1891,897,1392,2054,3715,1752,4839,2548,1941,700,2296,678,21092,13788,22356,44577,15937,18246
223,10167,5003,132768,28621,82223,14638,9111,21436,10427,11556,5523,5911,9275,19590,24398,31882,13091,30836,8170,9389,1295,224,3204,18983,7428,10724,83159,20489,19873
224,741,789,1999,410,1927,547,1624,4418,496,61,169,199,212,300,1344,706,371,1034,353,267,132,387,106,351,124,268,503,204,313
225,15642,12208,26499,9847,9186,11822,39722,17088,27402,5224,9101,10506,7108,7573,9583,3812,3370,5530,4552,6444,7156,6008,1934,9734,3499,2682,1288,613,874
226,NA,NA,NA,NA,NA,NA,NA,NA,NA,NA,NA,NA,NA,NA,NA,NA,NA,NA,NA,NA,NA,NA,2931,1894,514,1232,1548,332,329
227,NA,NA,NA,NA,NA,NA,NA,NA,NA,648,600,492,251,282,321,149,141,280,274,358,236,543,311,390,16,11,19,9,7
228,94,78,652,137,899,361,121,90,121,313,151,138,429,656,813,1271,265,222,96,127,48,228,334,3667,2397,1465,9762,909,28133
229,36471,29524,12567,10413,15848,11983,6646,18041,7807,8299,370,137,54,63,94,75,36,52,54,53,58,123,80,233,114,241,2086,146,41
230,NA,NA,14655,4383,3220,348,743,1477,2143,6289,5462,1627,740,977,1218,919,3059,2984,7088,5223,17031,5760,7576,600,28,192,847,3377,2597
231,177,125,5,2,9,2,6,3,9,2,6,5,0,0,1,5,2,1,3,1,2,3,0,1,0,0,2,3,0
232,134127,177483,61703,338738,137618,92205,236989,19115,29886,79543,35658,40674,12183,11491,23450,34182,7250,30969,61544,21738,67258,65533,43583,31433,12674,31846,287135,195625,85986
233,NA,NA,119,106,99,118,97,60,81,73,81,47,31,34,209,60,37,62,37,70,36,71,59,44,10,14,56,34,35
234,435,232,193,88,83,92,92,901,862,1360,3220,1121,511,855,774,594,465,1945,861,1234,3108,516,62,41,70,142,658,513,208
235,NA,731,1598,3133,4341,3075,1826,2920,2165,4858,5445,7480,2396,2198,194,53,58,1292,2812,1534,8514,2217,1444,564,372,647,5608,31733,10195
236,1291,35938,10306,28419,34331,23587,86876,110009,104472,99635,28877,26478,15564,8904,22676,8917,2277,13812,10904,3693,10044,20852,3982,3397,7446,9226,66800,23364,7660
237,8831,7746,3687,5115,16827,12867,6328,5429,10146,53450,59863,37345,5953,5575,10173,4919,3452,19294,18323,12893,116768,36166,15188,3936,2901,5015,51962,3121,26500
238,53795,16471,4454,2363,2804,3002,2336,2095,2382,1556,1537,874,933,772,1008,624,513,990,738,938,602,1462,1969,3745,605,1162,3108,1674,1336
239,21454,87504,724,72,78,444,169,304,912,410,477,795,62,34,41,19,18,12,20,23,5,18,11,16,8,7,11,49,55
240,16,57,23,8,10,6,7,5,8,8,7,11,5,5,3,6,10,9,17,9,4,15,17,5,3,11,10,10,7
241,6886,10206,1654,3870,1552,1052,1100,1436,6213,1670,3660,1003,432,297,558,1159,2044,1282,505,1236,114,594,113,112,65,244,582,5248,1739
242,196,41,34,1952,821,561,168,118,306,163,201,137,88,84,133,320,7884,1487,586,3828,231,1286,1119,689,47,2176,2861,6586,6006
243,28,162,390,2849,791,1067,239,291,1051,325,1985,8916,3890,3874,48629,45133,33241,9822,3932,19422,1092,5367,1333,1341,243,343,40,19,19
244,1406,66,109,1060,217,135,49,26,30,24,61,41,13,17,24,11,12,15,11,15,7,19,14,12,6,7,28,10,12
245,271,15065,20861,111451,80268,55579,13269,10737,32863,4625,8284,16099,30331,20804,45282,3081,925,210,202,161,345,637,193,132,39,129,263,2976,314
246,5592,5016,2883,7355,4232,21733,16493,22565,31958,11487,14350,29563,37369,19399,27483,26941,18668,14838,7478,10939,4327,8391,3763,3408,3263,4771,16876,50089,22885
247,3305,3429,2366,2616,2946,3263,1708,990,1204,624,8578,6922,4827,4898,6395,3921,3231,5275,3445,6213,5636,4200,214,219,31,90,215,115,98
248,NA,NA,NA,NA,NA,NA,NA,NA,NA,NA,NA,NA,NA,NA,NA,NA,NA,NA,NA,NA,NA,NA,NA,NA,NA,40,707,288,288
249,221,2895,3250,139,53,159,89,52,65,41,70,491,228,337,734,187,376,414,444,409,96,298,120,182,257,274,517,2722,1598
250,8,8,40,27,46,55,31,40,61,26,41,44,25,19,34,26,23,40,23,2709,260,695,442,84,0,5,30,21,14
251,NA,NA,334,40,48,47,45,37,57,43,62,2825,33887,20968,29825,714,159,168,1043,8098,647,2439,668,1845,119,410,730,209,245
252,12378,32304,14801,7532,4835,5962,808,735,129,41,32,11,11,10,14,8,6,11,74,536,230,1068,5406,5874,1673,1115,3133,3446,2543
253,875,733,7327,4526,4166,4698,4921,2158,422,2151,1125,403,1716,1128,2146,412,804,5338,2067,7496,2609,5908,49597,5064,499,391,3760,1053,878
254,NA,NA,NA,NA,NA,NA,NA,NA,NA,NA,NA,NA,NA,NA,NA,NA,174,468,356,450,311,733,405,399,94,206,702,307,284
255,NA,NA,NA,NA,NA,NA,NA,NA,NA,NA,NA,NA,NA,NA,NA,NA,NA,NA,NA,NA,NA,NA,NA,866,2044,725,740,141,90
256,135,281,7437,1290,2005,4252,1286,1004,1014,1277,536,254,1049,1511,2232,431,1137,2921,1169,2804,2903,3705,2938,2125,73,52,993,281,524
257,288214,498592,234457,55848,59598,49007,13658,12824,10026,11042,7034,2839,18391,15758,34223,7237,20857,46625,20400,73096,32877,72952,50805,42186,12077,40096,52510,15383,12863
258,NA,NA,NA,NA,NA,NA,NA,NA,NA,NA,NA,NA,NA,NA,NA,NA,NA,NA,NA,NA,NA,NA,NA,NA,NA,331,821,415,372
259,291,272,366,344,530,489,232,234,399,546,263,140,201,191,199,60,51,141,92,102,74,234,204,96,86,94,222,71,61
260,NA,NA,NA,NA,NA,NA,NA,NA,NA,NA,NA,NA,NA,NA,351,245,129,265,218,255,189,398,278,209,62,8,10,6,3
261,2537,32834,100411,23028,3411,3678,399,271,243,488,151,59,634,786,661,67,328,1112,463,254,162,647,145,126,112,44,136,25,34
262,4316,5342,3499,1273,118,137,66,29,45,36,26,21,22,29,16,9,8,13,19,21,15,33,16,12,3,8,23,14,10
263,NA,NA,NA,NA,NA,NA,NA,NA,NA,NA,NA,NA,NA,NA,NA,NA,NA,NA,NA,NA,NA,NA,1283,1260,210,14,21,14,9
264,112,84,140,98,140,119,95,103,164,79,56,31,22,21,28,23,11,24,15,99,59,155,50,329,132,188,224,85,88
265,336,222,330,4551,471,105,56,135,118,45,49,24,15,9,22,12,52,1526,171,1838,3795,507,2362,2004,294,303,8805,1174,76
266,941,2273,2736,3046,5936,25779,7320,10165,1186,961,1439,1118,625,230,799,2818,8992,92057,13466,18818,93004,22439,23369,10155,1771,1596,11518,8215,12500
267,1459,1759,888,2964,3995,24276,14528,20240,4455,220,50,30,22,21,21,11,10,33,11,14,16,22,23,23,5,71,127,7,0
268,1237,452,172,152,117,1964,2105,1677,884,269,235,226,510,219,564,8503,15535,52562,9859,6365,26991,20156,12704,3411,15,31,81,30,99
269,1610,1839,1691,404,554,2025,434,274,503,430,502,821,725,325,2423,19907,48698,152824,38714,22694,84032,25909,15888,10172,1207,924,4134,2651,1051
270,NA,NA,NA,NA,NA,NA,NA,NA,NA,NA,NA,NA,NA,NA,NA,NA,NA,NA,NA,NA,NA,NA,NA,NA,8,2,3,2,0
271,1574,116,167,534,2957,3246,1185,1364,428,54,270,268,131,38,24,683,244,3008,798,485,2698,816,31,27,6,54,13,79,10
272,122,468,386,91,82,83,49,43,54,71,56,46,31,37,155,68,55,128,55,62,64,900,215,261,104,80,85,55,120
273,3978,2151,2373,1753,2996,5338,6827,6861,3125,148,1196,919,579,375,760,3568,5893,22289,7500,3778,20487,10817,5397,5289,595,772,1870,1428,1279
274,82,54,67,48,53,45,39,27,32,23,33,12,18,20,24,15,17,26,13,15,21,44,35,23,15,45,31,22,15
275,1723,1747,1596,340,203,194,1676,1019,1408,629,1177,903,453,352,424,222,196,247,169,326,159,348,6,10,3,8,12,5,2
276,75847,17052,5550,3006,3643,10236,6776,11167,5683,1823,1573,7553,4874,3789,4852,2657,1348,9913,5481,6874,5686,8854,5690,19984,5532,4856,14936,5032,3387
277,1332,751,356,321,3068,933,25188,6307,2067,368,1243,596,787,204,1075,383,1116,952,1602,880,680,2232,3849,21560,959,3433,1783,881,876
278,NA,NA,NA,NA,154,196,153,72,70,38,55,32,20,18,25,24,94,456,589,412,410,5386,2883,1544,124,157,199,84,173
279,195772,276659,237884,312034,296868,126556,43901,22455,9531,7288,19228,1625,758,418,1050,719,435,312,191,345,349,394,695,101261,11622,166279,35479,26226,19557
280,94,58,314,94,82,117,88,41,51,29,45,20,33,18,25,13,18,24,27,25,21,65,51,34,7,17,31,22,26
281,8482,3037,15468,4060,1416,1135,751,637,32429,5270,3046,4897,686,18970,19782,5121,16645,15612,16818,17927,3408,22310,675,24354,5019,4645,2534,2489,3870
282,88203,20130,15901,15376,42344,79966,37391,2231,69190,46161,49334,29336,34123,46611,199578,10046,1499,565,361,333,191,10413,10232,11957,3007,78386,5533,32992,24135
283,91,90,92,168,720,1881,1733,1582,3329,511,695,191,431,204,638,2559,5635,4210,3589,11798,5862,34070,16832,29328,976,1149,4015,1109,3137
284,387236,93086,56758,20545,34872,37411,37904,29418,35052,8654,5897,7834,6987,3589,7270,3906,7532,4896,18689,8298,6006,19928,8447,35379,3427,3259,5400,4814,9683
285,50,17,25,5,12,40,125,22,39,18,22,19,14,14,75,13,15,17,9,11,11,17,6,15,5,8,7,3,3
286,1491,401,789,188381,376034,151015,107124,63039,110888,141286,88653,53668,127713,42134,54274,21855,27736,42138,43906,59900,60689,88920,27017,51000,12923,63180,88404,38578,62334
287,NA,635,813,136,132,70,151,82,1571,438,250,344,408,134,150,52,72,59,40,74,50,1737,139,237,56,462,11814,6210,5749
288,56,51,43,250,331,324,228,96,57,65,165,81,55,46,78,50,44,50,39,127,48,99,85,104,30,48,140,63,69
289,2745,821,7623,2403,1156,726,731,3534,2755,1527,10239,646,2753,759,1087,164,369,572,171,324,323,2976,359,501,93,99,413,1512,1502
290,366,251,581,2176,8293,10330,14402,2860,1594,489,333,122,248,110,112,55,63,92,54,145,202,135,58,227,100,32,146,52,65
291,NA,NA,NA,NA,NA,NA,156,101,76,55,60,28,26,29,37,17,18,20,17,17,14,23,8,8,2,4,18,7,18
292,190,217,89,80,55,100,98,51,134,67,93,50,68,30,106,39,47,62,35,62,33,87,48,34,0,0,0,2,2
293,15,12,9,5,11,6,4,5,3,2,6,2,3,2,6,0,1,2,2,2,1,4,3,0,0,0,2,2,0
294,448,184,1721,529,351,218,454,184,1240,263,253,201,535,145,229,59,194,407,59,219,409,235,63,98,54,143,424,159,224
295,327,148,153,39,79,231,156,70,44,27,40,25,231,211,263,166,135,115,40,52,38,69,49,38,10,38,77,30,20
296,30,41,34,21,39,59,57,13,28,12,14,23,14,24,41,17,22,25,9,16,13,6,25,15,8,11,13,8,5
297,988,1419,4442,6009,2701,23458,40567,7667,11872,3076,10818,1914,4012,3952,5925,3977,3769,4422,1700,2885,5025,4865,2745,7216,1741,1446,15452,13279,10132
298,1057,683,835,3660,880,239,359,173,202,120,247,1628,701,434,240,70,139,70,15,22,229,370,234,73,72,75,189,102,106
299,NA,NA,NA,NA,NA,NA,NA,NA,NA,NA,NA,NA,NA,NA,NA,NA,NA,NA,NA,NA,NA,46,34,22,7,5,14,11,14
300,5109,709,385,155,200,170,73,12,75,13,118,81,45,58,1825,122,220,165,281,359,25662,1665,6759,25363,3804,1308,6655,1465,721
301,69,47,226,380,66,144,73,66,44,27,18,29,38,34,32,25,27,46,52,2928,437,423,317,150,43,50,186,1395,660
302,92,2,1,5,2,2,3,2,3,5,3,2,0,0,1,1,1,2,0,0,2,3,3,0,0,2,1,0,0
303,NA,NA,NA,NA,NA,NA,NA,NA,NA,NA,NA,NA,NA,NA,NA,NA,NA,NA,9,13,17,24,12,12,5,1,16,7,9
304,871,426,342,740,11969,8479,2615,720,616,445,965,144,480,348,240,69,96,160,317,514,570,6395,16507,8817,13155,15257,9542,954,143
305,422,297,4323,2681,2487,2664,8639,4380,1998,1595,818,588,385,239,576,1086,238,1456,992,1558,1992,2550,2310,2671,1432,3196,6277,7259,5311
306,NA,NA,NA,NA,NA,NA,NA,NA,NA,NA,NA,NA,NA,NA,NA,NA,NA,NA,18,36,22,36,17,13,0,0,1,2,0
307,238,77,110,84,60,152,337,114,151,80,284,196,157,72,52,34,38,34,96,136,33,52,61,72,10,20,23,14,6
308,43,15,27,31,104,565,378,331,9813,753,123,57,33,25,281,72,134,116,43,29,20,56,17,210,4545,877,9360,1628,2367
309,2044,1896,2720,1553,60919,102378,72913,13926,75812,42712,62719,63750,36217,18728,44398,42287,27502,24201,18814,4466,3014,16137,10974,6027,1922,2178,3784,1363,3296
310,NA,NA,NA,NA,NA,NA,NA,NA,NA,NA,NA,NA,NA,NA,NA,NA,NA,NA,NA,NA,NA,NA,NA,72,14,14,44,18,27
311,74,43,168,45,7913,4009,6357,694,525,107,69,46,40,55,102,3607,3228,1012,333,8159,4740,4483,50,416,45,52,99,15,3
312,4422,1352,69125,9002,32934,13548,23545,2432,3070,1643,3224,2751,3351,21503,1135,182,154,105,43,34,20,43,24,49,7,12,16,8,12
313,39412,62732,63467,28073,15110,11204,24746,4440,4706,1964,5381,30051,9974,12925,13631,13001,15040,10083,3836,10267,8521,8502,3377,7033,1240,2451,7020,3502,3586
314,7811,1849,2040,672,892,522,965,215,323,121,333,152,176,50,279,432,510,436,154,4176,1330,2097,338,448,10,14,28,19,26
315,329,244,288,238,219,130,189,185,97,413,3629,731,1259,1798,1963,7136,4113,2435,746,2412,1916,23118,3494,16200,1020,16469,19255,6546,14589
316,462,194,43,29,68,111,5585,756,778,2068,2181,2577,1520,518,1388,566,668,460,144,346,215,451,133,304,68,181,333,648,334
317,98,282,252,155,181,139,113,9,48,137,232,122,131,541,309,190,1343,409,318,272,117,143,193,1284,229,1071,1013,403,627
318,56,37,43,17,46,44,59,20,20,19,31,24,20,13,22,20,11,14,10,50,32,67,68,71,6,12,18,31,53
319,18,15,12,10,24,44,50,8,38,26,37,20,16,14,23,22,15,21,15,16,19,898,203,201,31,25,45,24,24
320,NA,NA,NA,NA,NA,NA,NA,NA,NA,NA,NA,NA,NA,NA,NA,NA,NA,NA,NA,NA,NA,NA,NA,NA,NA,38,103,25,23
321,NA,NA,NA,NA,NA,NA,NA,NA,NA,NA,NA,NA,NA,NA,NA,43,37,33,15,15,9,32,31,34,13,9,3,1,2
322,726,144,233,106,96,15,14,18,9,8,13,5,3,7,6,4,3,6,13,57,24,51,22,11,4,5,9,1,6
323,226,197,244,202,356,247,1352,561,352,192,170,112,99,120,105,101,82,359,196,292,144,233,166,166,66,112,195,150,162
324,NA,NA,NA,NA,NA,NA,NA,NA,101,83,72,45,19,26,36,24,13,27,24,32,17,32,25,51,12,15,46,14,10
325,1155,8615,3491,6309,6243,19719,39251,53372,74780,20684,27799,7090,6798,2734,1503,929,16903,10409,5532,8508,3559,10061,4607,7837,974,741,178,21,32
326,196,99,125,50,49,39,37,26,37,20,27,25,14,15,27,20,24,41,23,20,26,890,1198,1353,245,164,33,17,38
327,258,183,53,3,5,1,3,0,2,4,1,2,3,1,1,1,0,1,1,2,0,2,3,1,0,0,1,1,1
328,328,414,2930,815,155,159,178,76,434,349,290,137,545,309,738,73,220,132,104,138,2175,1595,607,379,103,121,237,254,672
329,2190,6202,89073,39500,40956,12813,37621,29944,13760,5558,16826,17178,15421,11467,14422,8942,4888,2480,1984,7315,1213,5225,944,4396,782,694,1561,373,844
330,1573,4034,41675,45215,32469,20915,88525,32548,26446,23981,16468,58838,158152,68192,252448,49995,57415,28662,11204,26140,15469,49244,7940,125995,6452,8258,31056,13702,34185
331,NA,NA,NA,NA,NA,NA,NA,NA,NA,NA,NA,NA,NA,NA,NA,NA,NA,NA,9,26,14,22,21,26,47,44,40,16,18
332,22957,27863,29356,143020,116651,75373,41386,1099,1427,2852,23796,12114,10987,29641,19961,14332,14205,17231,10450,16326,14056,25407,13996,18877,3024,3468,9148,5124,3550
333,267,89,63,60,151,148,183,257,146,41,22,7,4,5,10,23,13,11,3,3,8,20,13,126,3,2,3,0,0
334,417,117,130,46,12,16,7,4,7,9,8,9,5,9,39,14,12,48,21,23,16,39,20,41,11,1,0,0,0
335,835,8987,12439,14366,4846,13999,23803,4107,58500,10777,9631,758,1086,1794,1244,1562,4231,2527,1425,1615,3628,3730,417,11369,870,589,955,271,579
336,322,306,141,89,132,117,923,1257,493,247,280,110,50,52,60,49,40,255,239,182,78,152,120,117,30,83,217,74,93
337,150731,78083,82424,24694,24680,13528,28619,6669,8447,2364,2201,1331,8688,6397,3349,3436,80792,39244,18179,9816,74233,67873,23638,117488,1586,3671,50017,93846,101130
338,277,984,575,979,454,334,464,4515,1560,593,935,464,761,223,156,970,366,915,249,164,287,754,188,123,74,113,236,10,6
339,NA,818,207,56,50,3431,4248,2494,790,274,101,70,25,15,16,13,17,27,24,58,86,121,80,66,2,4,9,0,2
340,170,151,8775,21355,7322,1268,874,312,95,12,22,11,11,18,122,55,135,196,130,121,99,122,86,92,26,64,1020,1152,854
341,30514,42140,14769,7986,16224,14816,8128,4993,6375,6948,13246,32505,70985,38849,35563,14955,9560,45414,27724,24375,13265,6051,1113,336,70,79,146,74,80
342,170,137,619,3070,3874,2564,1271,532,248,131,183,74,33,22,36,16,26,19,14,22,74,108,80,60,16,70,178,45,51
343,NA,NA,NA,100,70,76,58,34,22,16,26,19,15,6,21,9,11,23,10,17,19,25,25,25,6,12,30,9,20
344,497,2597,2115,2149,2121,12205,29073,13604,2253,148,520,7983,3141,1751,2700,14915,23222,22367,5901,6984,2621,33004,18786,29624,8125,6564,12578,4731,4455
345,489,1161,549,480,410,550,686,675,662,3665,5342,1343,329,162,550,8996,364,1584,4057,3506,8488,75263,35495,127736,13236,23503,96111,29489,26783
346,NA,NA,NA,NA,NA,NA,106,82,72,37,43,19,21,36,19,13,19,21,13,18,22,29,23,18,5,10,21,9,0
347,1113,1847,1235,1904,706,971,1136,793,880,245,322,212,124,127,130,111,95,143,100,165,64,45,28,25,9,9,9,7,4
348,NA,NA,NA,NA,NA,NA,NA,NA,NA,NA,NA,NA,NA,NA,NA,NA,NA,NA,NA,NA,NA,NA,NA,62,12,8,18,13,12
349,26,19,53,39,189,371,642,275,265,117,91,78,113,104,142,63,392,2737,192,222,156,737,7011,5507,89,19,10,16,11
350,1213,3159,1318,3065,718,500,685,3130,2200,1128,2295,1139,2063,1061,2309,790,553,8374,941,5793,10973,14352,279,3227,4777,858,1157,646,5817
351,NA,NA,NA,NA,NA,NA,NA,NA,NA,NA,NA,NA,NA,NA,NA,NA,NA,28,20,12,13,12,13,20,2,5,14,23,165
352,7655,374,346,186,103,108,951,72134,26942,27333,42790,38583,12026,7332,15040,12511,13298,85679,9411,10481,22115,39511,6210,25167,4626,1634,109,49,188
353,NA,NA,NA,NA,NA,NA,NA,NA,NA,59,84,37,22,25,22,22,11,20,24,46,13,24,15,24,8,10,41,14,16
354,300,575,558,249,1344,1902,1790,472,265,107,130,62,35,375,554,325,204,208,128,209,101,193,146,385,364,51,122,46,45
355,97,65,67,45,41,36,45,25,25,21,31,36,18,21,37,25,46,67,177,788,197,2127,744,429,67,219,241,109,181
356,909,1480,1090,557,4376,13250,4162,862,957,772,559,39,137,695,318,247,303,275,326,486,155,421,170,115,47,116,2438,713,1030
357,5187,3562,1898,725,2790,2087,2111,1186,648,447,395,361,333,954,479,552,1110,538,65,34,2120,666,692,308,64,177,187,382,1186
358,1965,734,96,264,488,370,209,111,110,126,81,48,44,70,56,78,91,84,56,66,43,77,69,93,23,25,97,29,34
359,153,174,97,44,53,83,141,66,204,66,178,84,41,49,250,109,67,63,22,40,16,119,40,33,8,1,1,0,0
360,28,34,31,16,16,20,26,21,59,17,13,9,13,5,12,7,7,11,5,14,19,119,88,34,8,5,8,9,3
361,1712,1284,690,329,765,540,612,244,440,543,225,110,166,191,137,95,147,134,110,135,73,106,1,1,0,0,1,0,0
362,5886,1404,1012,538,1498,1319,1465,561,408,227,301,27,102,281,368,262,527,343,496,1023,378,816,506,493,84,208,320,117,161
363,12994,21009,18081,5071,16907,4259,2808,600,1086,1584,816,525,1863,8093,13120,5521,8047,5683,3494,6277,1179,2031,1441,1134,809,808,20501,4098,12776
364,NA,NA,349,120,166,479,337,208,322,90,47,22,26,19,31,26,29,28,30,15,11,36,12,45,7,7,28,16,20
365,2739,1072,2165,666,331,2618,1360,457,563,260,271,30,18,36,226,80,206,150,164,226,148,598,24959,43338,94520,44806,39223,7607,22987
366,7219,5792,13308,2316,941,659,780,37,42,25,26,18,8,11,11,7,6,13,7,12,10,21,47,33,27,28,118,23,56
367,14,6,8,7,8,6,4,5,4,1,6,2,0,2,4,2,2,0,0,2,1,4,3,2,0,0,4,1,0
368,34,37,31,18,1707,6939,19400,3229,1670,952,2483,554,477,293,274,286,125,28,146,368,388,233,273,216,95,156,467,248,461
369,10270,3773,3032,1922,1323,896,1447,346,910,852,637,150,201,203,439,154,224,323,283,2704,350,1037,324,190,32,51,406,136,1119
370,2002,3447,3938,1271,694,415,610,147,100,170,130,63,56,69,149,55,77,77,22,26,21,32,17,23,3,9,18,8,10
371,90,122,180,718,509,486,615,251,164,90,94,70,36,36,40,18,30,116,108,92,39,104,2362,207,69,20,16,5,6
372,63484,282610,211931,53313,22199,13094,13910,1824,21475,14877,10306,2621,2837,2292,5199,2210,2486,107261,25310,17475,12870,23678,12710,5077,1474,2370,3762,411,12387
373,22,14,10,9,5,9,9,4,7,2,2,1,1,2,1,4,0,1,0,1,0,6,1,1,0,0,3,0,0
374,NA,NA,NA,NA,NA,NA,NA,NA,NA,NA,NA,NA,NA,NA,NA,NA,NA,NA,NA,NA,NA,403,517,199,24,14,4815,2853,2983
375,NA,45,88,47,362,134,63,23,37,23,19,15,13,8,5,5,9,12,11,13,7,14,6,22,1,3,13,4,7
376,74,15,4,10,3,8,4,1,4,4,3,3,1,1,2,3,3,4,0,0,2,18,28,29,7,11,33,8,22
377,97,496,189,481,121,73,233,43,270,122,3076,358,97,21,21,62,86,165,110,147,122,321,146,83,17,50,1523,9976,38109
378,102,127,472,587,541,456,767,182,118,62,67,32,29,449,404,200,168,122,68,78,31,66,60,96,14,43,136,53,90
379,102,114,124,54,82,15,37,22,67,54,44,20,39,26,63,20,34,47,38,37,24,54,19,23,5,1,44,13,60
380,68830,17677,7379,4845,2468,4492,4940,1016,1185,488,187,299,2634,15236,11065,12680,10051,5141,5287,8547,8610,67459,49220,37641,5400,2273,14947,14946,9242
381,720,418,228,1284,1836,1492,1618,510,320,154,180,115,269,451,540,341,329,345,272,882,452,658,1069,2997,567,546,526,148,19
382,NA,NA,NA,NA,NA,NA,NA,NA,NA,NA,NA,NA,NA,41,35,24,21,13,11,22,13,25,32,30,7,21,36,13,21
383,738,541,943,694,669,2511,2118,508,307,31730,9451,7054,1906,1200,11664,22543,10260,3851,2929,1663,4412,2345,1071,755,390,204,681,559,329
384,63,40,49,99,146,135,164,77,161,211,509,621,205,377,282,125,116,129,134,98,136,131,90,80,30,23,94,45,57
385,2573,7012,3167,3092,164,78,46,28,26,59,55,31,16,9,20,13,11,9,10,54,57,187,58,736,136,164,546,338,357
386,32750,55514,30323,45063,10755,7484,4536,5697,37425,48828,22383,10310,1927,29864,43620,42449,175328,13714,18766,43001,109281,229792,104241,153437,13662,2383,125247,60027,76789
387,167,505,401,32,18,27,34,6,3,11,16,5,3,6,11,4,3,4,2,2,2,16,5,2,0,0,4,2,6
388,625,358,290,281,236,273,341,165,183,182,148,115,56,69,114,65,93,82,67,71,60,142,72,110,8,0,2,1,1
389,2309,1732,1231,1386,1071,1533,2766,921,1215,925,2406,1373,528,3467,2243,3346,3069,612,724,713,1103,1486,1831,1638,719,530,2187,1152,1183
390,NA,NA,NA,NA,NA,NA,NA,NA,NA,NA,NA,NA,NA,NA,NA,NA,NA,NA,NA,NA,NA,1430,361,1075,178,154,427,140,133
391,NA,NA,NA,NA,NA,NA,NA,NA,NA,NA,NA,NA,NA,NA,NA,NA,NA,NA,NA,NA,71,83,64,43,8,16,48,19,33
392,58970,21481,47784,29177,22066,26763,12701,11816,9880,6374,5289,1161,244,2835,14663,3533,1143,1449,9456,7906,5511,5585,2657,4753,21685,12303,23249,83593,25736
393,24320,12343,23222,14917,3287,1732,1793,1181,2967,1840,5837,663,3438,2339,1075,975,823,4495,2469,5921,5271,9628,109896,61588,4189,3632,5471,9691,17141
394,1418,1200,6386,64688,36603,181429,166138,59161,60133,2504,27134,23803,21165,15963,292831,61110,27772,72814,80919,155863,122875,9782,31,16,2,3,8,3,4
395,355,210,5059,1441,1324,872,676,213,202,13376,15252,3311,522,277,409,219,130,142,1937,1912,1096,1341,556,92,9,26,83,24,19
396,8200,6085,9436,9502,3477,27608,10566,10370,13899,10177,560,1751,1624,1329,1920,1266,880,1266,46,42,19,62,47,231,256,353,650,278,293
397,397,174,204,98,111,104,130,75,69,89,601,211,785,399,186,33,78,319,190,259,271,2712,410,270,21,28,302,119,85
398,37,23,21,15,14,18,16,9,4,10,9,6,0,3,7,2,2,4,5,0,0,9,6,4,1,4,3,3,2
399,72091,147005,204999,1737,1752,60970,11575,147,262,3146,66948,8727,14130,56370,19886,6301,5496,3880,2210,3643,18893,41021,33473,21389,3054,4663,60407,36375,18813
400,191526,27455,235731,217946,190787,108942,50506,34545,239348,115781,286655,151790,194633,240980,114340,88786,55700,60203,54738,55525,33796,165324,229201,91248,12259,44038,101776,46238,23689
401,32,2,2,3,3,4,1,1,2,0,1,0,1,0,2,1,1,2,1,1,1,1,0,2,1,0,1,0,0
402,12891,4228,6822,5793,1856,1912,1407,1530,1311,3233,2596,1788,743,660,881,491,466,474,247,359,236,489,526,834,145,154,723,33,16
403,312,295,4904,3784,2802,1926,1951,695,396,224,199,120,63,477,533,340,302,246,119,708,1383,2041,1213,1418,410,1054,1906,487,237
404,2654,2430,4509,1508,1109,663,798,1220,2076,1038,799,236,293,205,163,368,388,920,885,947,1816,817,1025,14989,2668,4273,3347,8621,58633
405,116644,81815,110931,144831,364953,204242,268881,129227,55173,17348,40203,28977,11263,12605,18420,87922,272800,26847,56988,26834,4922,45405,11027,57369,4554,874,6313,36670,81795
406,25537,17629,8776,154250,91751,11405,87861,116426,99862,25330,78041,52150,22592,81005,36854,37516,51730,222108,26769,56718,17660,128543,43275,54062,29637,21507,107562,46234,39183
407,473,122,424,332,393,9118,12469,23072,15425,5562,3820,5986,3745,4480,4149,4683,4886,5149,3891,1795,596,2998,577,180,29,55,312,77,249
408,169,124,75,73,86,84,94,50,42,28,51,27,21,28,38,20,16,44,32,36,32,50,50,33,30,47,41,24,29
409,46500,41201,30423,19784,15821,15357,31362,45220,15765,85895,94556,55533,25381,19809,9027,10901,8068,16807,15632,16285,18610,24558,16582,16568,12797,10465,16715,2003,948
410,76,71,44,33,25,41,46,14,22,10,26,7,8,16,13,8,7,15,8,7,2,11,6,12,5,7,11,11,5
411,95,85,47,31,33,42,43,12,12,34,38,36,24,24,28,12,6,38,11,8,13,24,16,4,5,7,119,33,55
412,854,831,1130,1695,1984,1039,2849,1030,509,560,797,458,358,663,343,528,242,22915,2959,4800,6782,4616,22749,8132,1877,3363,8763,8038,10334
413,14,6,3,3,2,5,2,4,2,1,1,1,0,1,2,2,1,0,1,1,2,5,0,1,0,3,1,1,1
414,4159,3042,2233,92225,25184,123008,126965,121797,352428,377923,253908,109301,49552,19993,16372,16824,7375,102639,11329,25161,28850,38420,60444,49074,219,367,26219,224816,186751
415,4105,16322,2929,12480,50862,107884,173818,379400,59576,74373,30395,27795,134504,343703,97416,70542,58499,410585,168464,214590,148841,211917,68400,106774,30334,19298,37263,3546,2569
416,2110,1741,961,676,727,582,642,385,413,223,263,167,105,115,167,117,173,196,92,172,185,226,109,153,50,72,80,66,113
417,NA,NA,NA,NA,NA,NA,49,30,32,24,25,15,17,18,24,21,15,13,17,16,18,15,33,374,110,26,139,58,327
418,1082,7273,3277,2213,9044,16362,15491,4069,5212,1982,1730,571,299,269,264,156,106,124,475,1091,553,592,391,1585,648,1334,4044,1263,1195
419,1073,732,6644,18049,16576,6311,114414,3940,3059,1212,9657,3124,1515,173,273,138,84,88,71,74,30,753,510,479,52,13,24,9,81
420,3961,1144,775,2184,1317,2418,3533,2069,1121,1226,1175,345,209,721,673,426,278,343,276,342,251,961,251,235,102,94,89,21,23
421,1451,506,950,455,1109,1141,862,486,1343,359,483,256,182,2757,59143,38175,28419,99717,67061,297856,87232,560253,93340,64638,19333,13806,16281,41979,22136
422,20518,20365,12374,19602,35739,12327,17044,15165,4786,13070,13610,11817,4271,13730,42531,22654,14081,6067,3467,765,4775,23989,15959,75247,20231,9017,9932,11126,1203
423,26916,9736,7509,6475,7519,10388,27714,8349,3446,1001,1105,1422,695,358,591,1195,1951,2004,24480,14572,7500,15898,4027,3681,883,2906,2668,723,1019
424,82962,55534,34559,25018,56085,68098,57805,35319,21835,16276,17683,8147,6204,672,3796,4585,5411,5792,3802,6429,6539,11938,6506,5353,1286,2581,7037,6109,20609
425,62,517,445,187,165,137,13446,7761,10778,3983,2758,947,420,340,413,251,363,335,149,180,873,1973,1509,1575,580,3799,10466,16432,8671
426,77,65,31,1,3,4,3,1,4,4,5,0,1,0,1,1,0,2,2,0,2,2,0,2,0,0,1,1,1
427,110881,461107,181155,83698,2686,1019,743,863,3678,2374,42441,379456,69651,45141,7069,2784,3679,151825,44289,34014,13678,170783,104475,66833,17935,10080,7717,7821,4666
428,2318,18411,35352,7119,14103,13594,11345,817,69871,3629,2026,6384,13308,4851,9432,5405,14485,2974,2016,17441,11904,30584,5919,85022,13650,19593,5508,2501,1715
429,34,25,20,143,706,4744,13536,5836,3156,3212,3043,10923,18514,153526,85646,60091,30711,27227,11349,61887,15684,3443,11660,21513,4331,1764,5866,6521,3772
430,290,370,193,127,128,1166,1139,452,264,139,101,154,53,61,2050,1582,1073,1093,145,546,132,166,83,82,21,2,8,6,5
431,25789,9223,76677,14945,97621,30096,12672,34808,18879,9862,1411,166,67,78,470,837,565,631,9778,21011,18701,32075,9902,5932,891,663,2068,1151,2782
432,621,386,10080,2268,1936,1451,1264,489,31806,13089,14928,6133,1388,1083,1121,698,507,420,227,2881,4492,6070,3438,3217,832,57,134,50,52
433,256,182,61,2,1,0,4,1,1,1,0,1,1,2,1,0,0,1,0,1,2,1,0,0,0,2,0,0,0
434,210,203,142,253,395,241,272,105,239,197,65,72,65,45,102,33,45,49,213,686,117,356,162,536,105,1142,3877,1898,1645
435,4,1,1,1,4,2,5,3,1,0,1,0,1,0,1,0,0,1,0,1,2,1,1,0,0,1,0,0,0
436,1883,1094,2642,1859,1308,1489,1648,6244,2531,800,659,76,165,170,281,181,63,102,23,66,313,307,136,427,88,102,200,84,127
437,91,102,71,50,103,100,94,64,61,18,37,22,8,7,15,23,12,37,39,34,25,42,57,2731,8076,4675,7918,1963,2579
438,452,286,888,1538,705,648,1437,489,5950,570,69,113,137,121,147,347,116,168,20,140,110,133,27,36,10,14,26,22,54
439,204,129,86,123,77,49,108,68,56,43,23,166,70,34,121,59,22,47,18,89,26,554,44,2559,73,42,62,34,81
440,9039,2465,12337,23342,176697,44243,13041,17343,14338,12589,2316,3902,1838,5044,10434,5238,2485,3653,1207,4366,2238,8381,869,1430,252,209,9716,2262,4364
441,NA,920,217,82,97,121,100,51,50,34,223,181,56,44,41,39,34,35,799,310,109,150,91,97,13,2,2,0,0
442,922,134,844,584,483,516,2635,2277,1893,1254,529,1004,345,259,325,104,25,16,49,315,116,468,100,288,51,71,1068,168,38
443,342,180,139,148,77,103,164,101,3116,1433,761,600,364,1368,766,386,249,415,138,974,1626,1632,267,525,87,206,190,226,160
444,622,513,2387,92,91,85,55,32,24,15,10,10,6,3,4,3,6,1,2,6,3,6,4,5,1,3,1,1,0
445,2078,23843,28842,9480,91131,81748,82230,10202,7113,40119,15900,13279,16257,11405,5906,4830,3591,6833,2053,2214,2077,1445,4078,2986,366,296,1400,47,30
446,354,310,5546,1891,883,1289,1106,402,232,126,98,76,3104,3405,1600,2326,661,861,306,606,928,992,580,1424,297,293,1178,223,144
447,1584,598,1558,302,4712,5091,3360,1489,1179,48,44,29,70,300,156,74,52,128,45,118,84,144,67,230,28,1356,745,2039,1203
448,5564,6818,6109,4519,5444,12718,8085,2019,15450,10936,10654,1097,2022,9277,6788,4555,1749,2523,751,2104,8847,6665,3425,5540,914,1712,3720,1681,2143
449,14356,16217,15528,5745,3022,4566,6142,4610,1531,1387,509,637,160,873,911,1141,542,1145,228,297,420,613,153,405,71,78,219,319,307
450,90,112,72,991,1558,760,596,241,148,70,62,48,37,28,39,26,25,204,240,186,154,245,68,59,27,72,150,140,418
451,25844,52547,41572,7149,4107,5390,6673,1933,1582,2222,594,539,2914,2366,1268,8682,2051,3044,470,1285,3259,2343,1288,11514,554,379,1753,1695,1232
452,10432,1534,1092,403,283,296,487,163,113,411,128,98,249,152,131,293,118,242,84,71,372,390,9267,18181,7652,36560,46402,15149,2022
453,140,157,175,132,245,265,207,131,148,101,114,70,57,83,81,59,57,66,33,56,73,120,83,327,32,41,79,51,58
454,39,27,29,16,25,158,176,109,73,68,47,33,18,27,27,27,24,26,24,34,43,46,33,33,7,12,40,23,18
455,1549,2952,1595,1574,2902,3072,879,91,577,573,600,367,241,760,1714,592,765,811,8860,11095,8391,4357,3468,36591,2774,1753,2067,3771,1755
456,NA,NA,NA,NA,NA,NA,NA,NA,NA,NA,NA,NA,NA,NA,NA,NA,NA,NA,NA,NA,NA,NA,NA,NA,129,504,139,52,50
457,1188,479,148,3,3,6,5,1,3,1,1,1,2,0,2,1,0,0,1,2,3,1,3,1,0,0,1,0,1
458,448,2387,1391,230228,55577,66487,56706,49611,20974,13462,17487,38326,12254,9058,7800,7144,8307,6198,30173,11956,19758,12948,13812,60658,6979,4581,5670,5708,3960
459,522,1707,509,913,586,726,639,587,550,10936,3646,1504,606,601,316,637,523,599,232,275,316,179,290,329,60,56,158,73,88
460,374,392,120,15,11,13,10,1,5,2,2,0,1,1,4,1,1,1,1,2,2,2,2,1,0,0,0,0,0
461,NA,NA,NA,NA,NA,NA,NA,NA,NA,NA,NA,NA,NA,NA,NA,NA,NA,NA,NA,NA,NA,122,1534,279,25,28,27,12,5
462,3716,358967,94102,65954,15751,12985,2579,9070,3393,1388,698,472,257,465,203,22,15,25,24,16,13,27,13,44,10,6,243,107,98
463,12849,1339,4876,30250,48088,46281,43251,15892,1770,14530,87780,38452,58012,77788,68934,54734,69755,39272,13021,6938,13020,8346,27042,141135,11636,25902,110145,147455,43368
464,713,935,3138,806,711,1518,702,426,340,514,644,563,504,344,300,173,369,682,1704,9117,6052,2916,1966,1294,211,228,373,143,119
465,12,19,22,6,4,9,8,5,4,3,7,4,0,3,3,4,2,2,1,4,1,4,3,1,0,0,1,0,0
466,2285,2414,1785,11104,3048,2604,1651,1031,2940,5368,3389,724,358,113,197,139,169,376,306,173,4566,369,159,216,345,188,938,287,3581
467,4,0,11,5,2,2,2,3,6,2,2,2,0,0,2,2,1,0,0,1,0,1,1,0,0,0,0,0,1
468,1503,194,212,142,181,168,348,299,323,85,97,101,42,43,47,14,25,32,11,11,7,27,22,28,16,18,12,19,21
469,14343,25708,46662,23224,24157,18141,23738,60627,26505,19354,9242,2049,1742,2481,4451,3426,2047,9287,20921,32236,30246,43240,27741,19102,4133,7323,26514,7377,4641
470,NA,420,2285,305,738,166,222,67,41,1148,154,137,21,13,51,7,4,24,13,19,17,62,30,111,12075,4234,9788,2435,1374
471,135,143,108,78,86,402,1702,1487,889,525,1029,700,228,152,186,214,116,188,167,173,682,544,378,1727,913,1851,4998,968,475
472,1250,1328,8324,1078,1418,532,1087,95,111,369,123,98,52,68,152,30,23,235,6,21,51,85,32,125,85,14,8,6,13
473,88,112,79,54,444,1038,693,302,136,85,66,39,25,18,35,25,28,200,27,22,12,28,27,38,1,5,10,7,3
474,26,24,31,30,39,34,74,163,151,164,108,70,36,55,106,75,61,52,8,10,9,31,40,86,43,478,22128,8719,70939
475,1443,1170,3197,23378,73112,96187,20376,2196,2221,2080,2086,18246,12519,11306,13314,3489,7746,3926,14021,23124,19205,25654,17054,24231,5587,4177,12942,7320,17774
476,408,1073,422,5198,5163,4805,5726,1193,377,177,153,94,4270,4538,1901,1967,1065,981,133,510,289,289,7392,9642,266,55,131,53,44
477,105,78,26,3,2,5,2,2,4,2,3,2,0,0,2,1,1,2,1,0,1,1,2,0,0,2,2,0,0
478,81,129,96,45,116,81,102,212,81,63,42,21,14,9,26,16,12,41,15,17,710,263,83,126,16,21,74,47,38
479,444,152,149,57,87,38,90,43,32,22,30,16,9,17,20,7,7,29,12,23,11,27,9,19,6,21,34,19,26
480,NA,NA,114450,29936,11072,3325,2866,452,417,94,233,353,258,343,375,159,140,198,111,396,748,877,122,266,70,132,149,51,29
481,52703,48211,90434,122094,29714,42916,24627,4702,16872,102248,4224,10452,6156,5107,9987,5145,1336,3072,4571,13615,244143,70407,9186,6312,1996,3556,21469,15708,3616
482,12913,26630,13566,4741,3153,460,297,196,795,1673,1203,1255,640,832,2359,880,531,864,544,659,224,516,794,636,362,748,7093,4438,4795
483,9731,6658,5337,9276,10911,9788,19637,8891,5264,6005,4807,3729,2112,2579,2721,1653,1485,2438,2643,3700,17016,5876,10211,5753,1857,1830,5904,4966,3433
484,100677,184468,91504,291226,74048,66764,84686,64608,36118,86997,33263,14441,4329,5030,24614,24332,8805,36147,13453,11838,334805,77442,16576,2688,13716,18054,107909,74019,10065
485,146,97,69,65,79,70,65,57,68,45,56,39,232,2714,798,747,646,568,440,233,956,1018,224,225,101,157,1471,1570,535
486,NA,NA,NA,NA,NA,NA,NA,NA,NA,NA,NA,NA,NA,NA,NA,NA,NA,NA,NA,NA,NA,NA,NA,NA,2562,516,3507,1432,181
487,NA,NA,271,165,172,204,166,75,104,59,76,40,33,33,49,56,62,53,42,44,40,52,44,50,15,19,50,37,19
488,1241,806,588,535,1321,3406,10578,2310,2048,2831,1553,1688,479,466,495,286,255,290,651,346,1361,525,199,305,107,77,187,143,151
489,7276,5135,4291,11511,10404,3563,1994,793,16001,22189,26493,7129,3339,2426,19924,97114,30736,42440,15686,60601,460760,137370,145107,55239,20330,25013,81121,32854,164638
490,1232,2077,511,65,111,86,47,34,58,25,28,22,11,17,10,10,14,18,23,32,107,562,218,203,50,593,935,1060,420
491,97,81,119,106,134,346,2634,2545,5038,7504,1748,1415,473,310,425,632,1143,1005,107,231,919,192,16,23,8,17,63,32,30
492,1337,1951,264,4,4,5,2,1,3,2,0,1,0,1,0,0,0,1,0,0,2,1,2,0,0,0,0,0,0
493,492,21,10,9,13,14,11,9,12,4,7,1,2,2,3,1,6,2,3,2,1,4,2,1,0,3,3,2,0
494,3,4,5,4,3,0,2,0,4,0,2,1,0,0,1,0,0,0,1,0,3,2,1,1,0,0,0,0,0
495,1438,26697,2944,916,892,764,924,810,849,350,352,181,128,141,194,104,173,219,66,152,57,210,89,128,41,97,423,533,324
496,NA,126,362,461,476,1145,346,144,222,99,102,45,36,106,71,63,223,162,53,294,1148,5011,564,723,54,60,125,138,88
497,8248,19798,33537,38479,19496,1491,317,107,133,169,125,88,55,410,552,217,135,127,65,74,44,100,119,682,224,375,647,218,230
498,1109,2096,1452,7484,1875,2513,2012,29850,23426,8034,4365,1968,2326,1768,4135,2278,83,814,289,1022,415,804,43,32,31,12,17,14,20
499,NA,NA,NA,NA,NA,NA,NA,NA,NA,NA,NA,NA,NA,NA,NA,NA,NA,NA,NA,NA,NA,NA,NA,2403,5185,41611,57276,1366,122
500,105624,73712,54184,229987,112342,60859,185817,60184,209497,56048,49073,25005,15517,43813,47721,34019,40554,4948,22312,73297,26073,68225,76507,60779,10565,23733,90465,51071,26352
501,168,131,82,121,88,195,276,140,138,62,200,17147,37339,3717,1180,320,173,241,163,133,119,259,54,72,9,16,61,222,1436
502,NA,NA,NA,NA,NA,NA,NA,NA,NA,NA,NA,NA,NA,NA,NA,NA,NA,NA,NA,NA,NA,NA,NA,NA,11,19,28,21,10
503,NA,NA,NA,NA,NA,NA,NA,NA,NA,NA,NA,NA,NA,NA,NA,NA,NA,NA,NA,NA,NA,NA,NA,NA,115,41,132,45,32
504,466,51,49,82,235,207,243,246,549,57,42,150,90,197,296,175,234,162,84,34,37,153,64,71,22,201,410,445,275
505,4883,180020,79118,23546,13628,66375,185925,116932,330029,79762,114973,90488,67180,56941,71318,57029,52264,70949,19667,76981,25685,86204,19816,37171,6208,8181,18787,11395,4186
506,NA,NA,NA,NA,NA,NA,NA,NA,NA,NA,NA,NA,NA,NA,NA,NA,NA,NA,NA,NA,NA,NA,NA,NA,13,29,73,28,40
507,68,73,50,28,34,44,75,27,22,13,18,12,11,14,20,26,26,45,31,43,24,58,54,47,4,1,0,0,0
508,335,373,178,162,1415,3691,2571,884,1086,385,411,209,91,80,104,49,55,75,77,188,358,675,551,663,89,7,9,2,3
509,1240,6850,4064,4481,5295,8435,7622,1877,383,8730,3731,1177,1192,1263,150,32,97,1747,818,1187,1065,1204,1180,1610,432,436,1094,439,38
510,47377,28619,33763,4435,969,855,652,234,94,69,55,33,11,11,8,17,31,102,110,91,101,189,310,210,61,894,1388,1289,693
511,NA,1144,1459,476,49,24,52,10,10,19,37,11,13,27,8,6,14,105,21,12,17,30,18,10,3,6,25,7,18
512,1008,651,611,92,69,72,172,4204,1229,946,160,10,14,16,23,8,14,22,16,17,12,18,18,12,7,2,16,3,9
513,1281,12545,570,170,106,125,148,65,45,29,31,20,71,3170,1747,678,111,98,31,41,16,103,32,13,8,6,15,13,18
514,832,341,103,4,6,7,5,8,3,2,2,3,1,3,2,0,2,4,1,1,0,6,5,2,3,9,24,14,12
515,NA,NA,6223,1771,1464,1807,5743,7414,3021,1230,241,80,76,83,53,11,83,71,23,32,28,60,77,1012,120,15,221,71,124
516,208,247,73,5,9,6,10,2,3,4,4,4,2,1,4,2,1,1,2,1,1,42,30,23,9,19,51,23,23
517,740,2027,1525,705,90,336,190,106,134,87,169,88,710,366,227,68,124,205,78,166,178,478,97,39,5,5,26,31,62
518,1024,1753,471,89,65,125,487,180,105,55,47,66,50,75,53,25,41,114,43,51,21,858,63,60,35,24,92,51,44
519,10,41,223,1063,478,513,88,10,18,6,14,3,7,7,8,5,7,5,11,14,9,17,10,11,2,4,18,6,16
520,6434,26918,15453,7907,2003,2112,2746,483,201,1392,248,225,1957,352,96,20,11,24,15,109,205,190,141,211,112,49,849,216,495
521,955,85,349,260,263,407,558,1217,370,185,177,131,131,568,7214,2071,2189,1922,488,437,172,355,185,157,131,288,422,116,105
522,1391,13800,15425,10403,3814,1735,2300,18559,1035,408,46,43,20,86,389,776,1580,2504,317,102,306,153,171,104,26,178,919,1740,2425
523,20444,290,146,1497,1439,4391,1057,1081,304,152,186,191,49,53,88,2427,7761,34553,29743,60768,338971,56613,305499,41246,317,325,108592,94273,22078
524,NA,NA,NA,NA,NA,NA,NA,NA,NA,NA,NA,NA,NA,NA,NA,NA,NA,NA,NA,NA,NA,NA,130,107,29,42,125,67,33
525,48,6,3,1,2,3,4,2,1,1,3,1,0,1,0,1,2,1,2,1,2,1,0,2,0,0,1,0,0
526,1144,839,427,42,43,48,341,284,828,815,784,276,102,63,144,47,10,15,12,6,15,22,15,18,2,4,11,6,14
527,NA,12,73,27,34,50,57,35,28,76,56,22,23,16,18,15,18,26,10,13,26,22,20,20,3,4,13,9,11
528,NA,NA,NA,NA,NA,NA,NA,NA,NA,NA,NA,NA,NA,NA,NA,NA,NA,NA,NA,NA,NA,NA,NA,4210,1749,2205,929,470,184
529,NA,NA,NA,NA,NA,NA,NA,NA,NA,NA,NA,NA,NA,NA,184,168,126,65,34,41,32,63,46,38,9,19,59,39,12
530,63,217,339,444,469,29912,10943,5178,1184,392,402,539,4404,627,176,19,32,46,251,397,9659,786,1334,1656,222,224,392,879,597
531,549,2613,1960,74,132,894,2260,2515,2433,817,2890,1923,2465,366,738,3478,3629,30219,8015,2660,69477,17575,59484,1929,82,90,918,4012,3141
532,NA,NA,NA,NA,NA,NA,NA,NA,NA,NA,NA,NA,NA,NA,NA,NA,NA,144,51,61,60,108,39,35,8,0,2,0,0
533,1018,955,942,156,102,465,382,211,130,86,123,92,26,20,13,111,228,176,18,17,78,245,1176,967,2541,1705,1111,503,337
534,2622,1804,860,63234,52916,4592,2420,2130,2114,454,857,574,414,902,1605,1668,2226,3651,2100,1931,10711,23999,21894,14817,115,131,103,59,43
535,NA,NA,NA,NA,NA,NA,NA,NA,NA,NA,NA,148,174,187,117,76,37,35,19,18,27,83,59,117,31,74,202,111,113
536,1349,427,9,3,2,2,4,0,5,4,2,2,0,0,2,0,3,0,1,1,1,8,0,2,1,1,3,0,0
537,NA,NA,NA,NA,NA,NA,NA,NA,NA,NA,NA,NA,NA,NA,NA,NA,NA,NA,NA,NA,NA,NA,NA,NA,43876,126817,30373,17492,33396
538,45635,19874,50133,6906,21472,259750,112691,7927,190226,6352,10365,20251,20991,3599,75386,67774,79893,27309,10706,25250,11198,49413,21352,30087,1509,1080,507,34,48
539,NA,NA,NA,NA,NA,NA,NA,NA,380,201,190,157,130,102,115,72,66,153,97,183,114,301,254,274,73,144,207,91,151
540,134,131,96,9,17,16,8,7,6,5,4,8,0,2,6,4,5,7,3,6,1,12,5,7,3,3,6,4,1
541,8763,4197,8730,77890,23250,1792,10226,1506,195,89,329,1739,2932,2820,1142,445,580,1234,1664,1414,516,2778,2783,126,26,46,664,560,698
542,47,46,61,38,86,75,83,29,60,45,80,88,97,52,61,51,47,93,56,130,96,213,165,100,31,26,88,55,65
543,813,552,1030,64806,80929,41441,7263,1248,11104,2039,2433,3458,6539,2394,2593,1966,2049,3483,4348,9080,7955,8293,5091,4859,529,1726,4646,1871,1802
544,NA,NA,NA,NA,NA,NA,NA,NA,NA,NA,NA,NA,NA,NA,NA,NA,NA,NA,NA,NA,NA,NA,NA,476,97,143,2400,1562,331
545,377,96,84,184,242,164,380,423,26706,29016,109509,22417,63040,6389,33751,4387,6154,16284,2944,6954,11016,44543,6560,8136,3118,16874,17773,68685,96333
546,546,649,932,722,601,772,1756,991,1058,385,389,513,380,339,378,235,230,448,360,509,293,570,459,6090,1754,1193,2461,695,430
547,974,332,134,498,375,235,258,163,664,107,320,454,433,180,183,92,71,157,211,238,305,268,340,184,44,0,6,1,3
548,3946,1025,1522,3676,12679,4351,2584,1555,289,1131,2115,534,60,367,522,4590,1918,1763,217,192,90,146,83,57,22,35,87,278,193
549,4858,1172,3725,13797,3237,10462,2468,3426,560,227,2735,8453,6555,7281,4957,968,1365,575,163,5481,427,422,291,1237,345,2183,2115,837,4080
550,296,275,424,515,410,666,393,432,1270,258,174,245,191,122,156,104,86,161,200,208,173,343,491,264,79,2487,1059,422,279
551,61,45,46,46,37,32,50,33,1059,763,3246,222565,82003,26182,11937,1619,1891,1150,10539,21306,10252,39848,152939,47637,53254,35273,39318,7418,6025
552,408,304,489,354,607,340,671,340,878,465,521,6881,6133,1680,1555,1319,5483,1819,1115,20207,5316,16092,5169,9860,518,1503,2721,6323,18403
553,115040,47794,59119,19907,34266,4914,5623,1075,460,667,11728,3792,3642,1628,1628,1094,830,958,847,2040,758,4147,1584,1642,277,1075,1988,620,446
554,82,75,179,87,144,93,128,49,57,97,111,148,131,88,126,105,110,154,144,217,141,314,313,263,44,86,265,91,110
555,NA,2489,28503,50314,87796,12334,22197,9509,2980,595,5518,3156,4781,19448,15929,12419,6017,5727,867,517,172,543,103,84,11,33,81,278,2043
556,972,971,418,390,1289,1101,57934,2276,24878,2275,898,139,64,63,316,7324,842,1662,482,395,251,791,1933,10018,187,7,10,3,3
557,431,415,539,196,407,207,35,14,16,11,6,6,3,4,8,8,7,15,6,9,6,21,4,4,2,2,8,1,1
558,4741,3012,3781,789,4205,3255,3074,1553,2924,915,654,415,875,11724,1945,5367,4415,1490,191,197,121,285,116,255,10855,10355,8525,1599,2215
559,47335,51820,341196,178700,100056,521496,62581,193474,312529,61444,220896,190551,369108,155196,231425,36912,62637,45229,72450,294088,43603,83169,6835,5982,234,201,3402,1820,3896
560,NA,NA,4488,4634,6810,7915,8698,4291,6498,996,1084,1460,1254,942,1253,557,443,952,744,856,617,1393,1350,1329,73,51,100,33,50
561,4089,14371,2944,3434,1725,223,124,91,106,60,2390,3093,2564,2025,4556,1605,624,2200,5177,3336,4507,19593,5680,9879,4142,2746,4017,1393,3061
562,2571,4144,6053,10856,18004,24103,37947,13627,23437,2086,2177,2876,2902,1971,2616,1576,1287,3594,3170,4219,3672,6695,7608,15362,1566,87,166,58,66
563,NA,NA,NA,NA,NA,NA,NA,NA,NA,NA,NA,NA,NA,NA,NA,NA,NA,NA,NA,NA,NA,NA,NA,NA,NA,873,1230,622,912
564,53,34,47,48,34,37,53,27,41,20,20,24,19,30,24,28,26,33,35,53,28,50,40,23,8,20,22,21,31
565,14987,50656,32102,8662,24301,17520,15285,6498,11300,7887,20337,19258,51543,20973,154955,166033,78449,119417,118631,114166,31521,43807,18618,6969,694,9102,7307,3543,6351
566,NA,NA,NA,NA,NA,116496,59702,5378,9837,5848,53110,149706,20471,64337,15353,15711,8777,11087,8090,18389,32172,69206,30946,87944,8512,16969,150191,32490,18608
567,68172,182191,92398,15997,86188,16168,17630,17246,45621,22200,21048,8184,5992,148852,57513,122228,265557,227176,35228,72984,46617,90161,46021,21483,3653,5931,15528,8358,7818
568,928,189,629,299,1036,544,409,186,273,170,305,278,198,136,151,89,102,183,412,325,119,294,210,143,26,1,4,5,1
569,NA,NA,NA,NA,NA,NA,NA,NA,NA,NA,NA,NA,NA,NA,NA,NA,NA,NA,NA,NA,NA,26692,27607,6350,382,500,595,267,9796
570,226,228,298,309,9916,2515,4931,748,10636,6823,4734,2753,4144,1715,3963,662,4307,107077,193335,84182,60415,128269,44702,11381,1323,701,3724,3185,8420
571,158270,57587,35888,10211,1482,300,307,190,1518,805,719,397,457,555,607,10581,5833,5116,4373,4336,1232,2882,684,467,58,210,16641,13750,55756
572,30450,37824,30895,12192,28849,13601,13771,5404,10139,11948,12273,18174,22919,18866,23566,19144,13520,39391,12542,35149,28611,29752,7905,14817,2887,6991,11205,10268,8042
573,NA,NA,NA,NA,NA,NA,NA,NA,NA,NA,NA,NA,NA,NA,NA,NA,NA,NA,NA,NA,NA,NA,NA,4103,550,1822,2248,554,368
574,2963,377,1047,930,1520,682,803,512,1010,370,604,678,258,108,208,111,113,159,198,202,97,265,856,1121,214,1048,990,362,349
575,29542,91681,46272,22308,23735,74453,50933,5816,49635,9878,8549,14370,5224,7267,4967,5442,129267,30349,20928,23019,20014,36034,31203,16336,1554,1631,272,212,954
576,236845,39880,35862,80716,64069,135447,288514,43446,70268,100657,30894,54459,40653,160414,81365,59750,119104,25057,53251,37558,164224,51581,115303,103525,19789,29532,143644,41406,27564
577,121304,77877,370675,166155,86266,60068,34218,25098,105523,94216,55639,32887,40612,26863,215447,183072,55620,177349,237377,395246,155976,162023,269441,98738,18856,30019,156898,95020,36020
578,251,228,236,79,168,218,250,121,177,105,136,114,102,65,92,112,82,179,112,139,145,272,137,370,34,91,226,29,38
579,531,272,188,11,13,14,18,4,4,5,13,8,3,6,3,3,5,4,4,7,4,9,3,9,0,3,2,3,0
580,3296,4610,1919,4228,6875,4563,5770,4188,6315,3424,3239,3421,2724,7319,4631,5241,5099,5967,3756,3349,3997,7595,3622,1959,597,893,1687,943,1161
581,39553,68915,10785,38138,773967,118092,18545,151276,719704,99418,116394,24054,75556,81909,22913,69118,35431,112513,92544,142521,195491,189698,122335,305611,23222,16433,141722,32543,54772
582,10847,13678,37882,164724,180163,98555,480664,276663,106952,34639,46008,64844,38614,57188,17386,65524,22382,48737,10636,10204,2811,478,281,297,64,71,367,2020,3824
583,NA,1126,721,146,144,135,221,113,176,117,6634,11283,4778,1777,1322,3168,726,1479,779,1305,311,189,68,85,16,35,91,24,38
584,196994,213961,99421,33876,89246,279215,100695,53778,63149,33836,118018,61488,8399,8723,8463,69344,80610,108011,15199,57162,1254,62978,19145,9521,4673,6410,4860,25136,13786
585,31391,15068,34432,57173,73201,62378,112913,21616,44810,27435,58326,57808,35279,12051,11863,61033,24822,50298,30019,32364,50700,50495,9741,7272,1502,1767,1452,1715,2338
586,8532,1923,314,648,931,492,527,124,183,382,352,6518,1997,429,5997,24997,4794,5447,4891,14709,6693,7589,230,1326,141,213,1640,7091,9914
587,671,1252,13005,17143,15781,3436,41137,10650,4562,3071,908,5758,3389,904,640,4105,604,2036,2099,10228,5020,6866,4729,5008,280,327,607,257,431
588,3222,2336,5807,602,1513,5571,7972,3662,4670,1477,957,1878,2397,1314,1080,850,725,299,237,225,156,389,313,283,55,22,31,11,11
589,352,352,341,349,513,592,625,283,460,127,143,224,171,153,213,96,90,194,169,221,187,351,251,357,40,100,184,59,77
590,4090,3999,9806,8134,11041,3860,3591,13272,7160,5290,1526,1722,1509,793,1768,631,345,1557,762,1407,762,37977,9379,8272,631,1738,3769,2463,1965
591,428,591,628,874,1978,1547,904,835,853,490,533,624,348,389,383,166,192,262,314,331,245,3312,843,565,1534,554,619,35,51
592,871,9894,2778,1421,381,626,986,470,469,167,286,461,29083,17478,40509,147386,27308,89227,9192,1683,1310,2390,432,215,33,43,78,42,46
593,NA,NA,NA,NA,NA,NA,NA,NA,NA,NA,NA,NA,NA,NA,NA,NA,NA,NA,NA,NA,NA,NA,NA,7744,620,658,1303,1715,317
594,9872,50971,28839,8788,4420,2683,4659,55409,35137,15322,6685,9970,2460,1570,820,438,248,2098,2658,1742,2664,1828,685,3255,114,145,424,3062,574
595,691,654,751,465,1291,1911,3031,2061,1891,761,429,1439,712,689,160,286,223,519,565,1029,3182,8911,3431,2857,238,304,400,23,304
596,NA,NA,NA,NA,NA,NA,NA,NA,NA,NA,NA,NA,NA,NA,NA,NA,NA,NA,NA,NA,NA,NA,NA,19730,3236,8279,12139,3361,3970
597,1049,5317,1158,947,677,360,550,386,334,265,259,288,190,152,130,90,77,167,158,139,307,245,396,240,32,90,194,103,70
598,2094,1574,14087,5841,5891,5788,20537,4336,4268,383,17050,20417,18842,15917,25608,11514,10882,20745,26989,20973,12995,17734,29789,13213,1499,2636,1207,1217,2890
599,658,973,385,3553,2653,3152,25003,67867,130677,31425,30430,53488,40560,25116,35102,19430,22836,33644,6735,3214,9101,7101,8561,59987,1930,1710,2649,2163,131
600,NA,NA,NA,NA,NA,NA,NA,NA,NA,4029,5354,6844,5830,4431,5716,1866,1461,3302,2299,2778,4357,7563,8421,8470,998,102,160,45,46
601,5050,9527,100022,21173,54198,81788,90133,285168,124643,216917,115965,17383,12598,37934,27607,12712,6652,21668,7294,8792,4283,2355,327,891,218,597,2614,2255,1195
602,NA,NA,27879,7468,9689,5839,2002,121,85,69,250,1283,1010,974,7780,8953,4940,2891,115,176,122,1576,1111,834,111,47,38,22,29
603,6678,14484,38254,18185,46356,26578,35975,20444,29057,28267,15286,17401,11183,5861,7180,4005,5694,11202,17944,22789,59162,113490,152102,108978,57267,50254,60992,25575,61822
604,4368,6885,4258,423,565,563,574,227,445,5803,7735,9196,7171,4545,6548,3670,3193,8902,12132,22775,31178,50816,52475,4048,562,362,70,22,29
605,218,403,191,55,4,9,6,1,5,2,7,2,4,3,6,1,3,4,6,3,5,15,4,3,0,2,2,1,1
606,13564,69603,50946,216263,45966,310625,517078,33767,128780,591477,82716,58158,49179,58284,66999,204288,41230,66807,127224,151090,432721,284339,150183,36308,8030,21565,153067,77767,25903
607,103,193,1105,940,1175,1048,764,687,3666,1267,648,529,357,194,325,211,140,359,444,412,2630,2334,368,385,65,153,427,316,169
608,325,1378,790,518,796,1009,1207,4420,13012,997,152,94,748,3092,2985,2403,3331,126,53,78,42,1978,1679,765,153,1297,3418,16959,15307
609,NA,NA,NA,NA,NA,NA,NA,NA,NA,NA,NA,NA,NA,NA,NA,NA,NA,NA,3664,6306,4410,6764,205,149,19,60,120,47,37
610,2815,16124,2897,2011,3776,15672,6436,2003,6056,2717,8133,15275,40527,17729,13436,7429,6333,11225,5093,7755,1060,22255,15945,7294,422,750,1445,1169,390
611,24027,12021,1788,921,1177,690,697,368,735,381,551,500,420,260,202,30,79,464,303,790,312,519,345,289,43,121,308,542,226
612,634,580,500,393,600,502,827,483,819,278,310,351,330,240,327,207,164,273,186,334,107,388,246,214,62,195,386,187,161
613,60,97,69,53,82,67,96,73,125,76,101,87,91,69,85,49,43,88,78,98,38,84,10,5,1,2,5,1,1
614,868,715,374,2510,2741,4811,2644,270,197,704,519,738,1578,8463,4028,1647,2003,2433,1788,1499,1409,2813,1727,629,50,52,230,348,311
615,3749,5328,15071,6214,3783,7479,3340,1057,813,4684,1458,2337,9485,1946,1506,344,260,1176,445,1006,5962,10951,7363,65873,8154,3221,8877,2600,2767
616,904,1066,1535,982,621,670,4418,984,982,930,577,663,18683,6096,2803,555,587,3592,8849,594,65,8598,2562,3137,413,1420,4680,1238,1113
617,490,1519,2974,1811,3460,4033,3042,958,2131,12167,2335,769,1234,667,426,81,35,95,90,96,84,149,131,7207,6187,2968,1222,35,25
618,NA,NA,NA,NA,NA,NA,NA,NA,NA,NA,NA,NA,NA,NA,NA,3536,3078,6596,3359,4057,3928,6236,7679,6252,1116,3610,5647,2040,2233
619,204,178,418,6703,7787,7977,5897,170,2835,814,3197,4118,3457,171,151,261,249,719,2259,1026,4718,45587,1725,212,29,37,56,24,29
620,28868,505987,139223,35190,40058,126705,62695,15523,17887,24410,8780,812,458,227,621,2223,6012,14829,5301,6013,37443,11042,1263,29303,2763,15151,36383,10426,6853
621,433,342,333,409,540,679,678,280,448,126,146,179,171,128,161,76,66,153,124,202,144,243,213,195,27,85,157,57,56
622,NA,NA,NA,NA,NA,NA,NA,NA,NA,NA,NA,NA,NA,NA,NA,NA,NA,NA,NA,NA,NA,NA,NA,NA,NA,174,81,41,33
623,NA,NA,NA,NA,NA,NA,NA,NA,NA,NA,NA,255,288,205,260,186,187,425,275,349,303,632,703,616,126,6,11,3,5
624,452,2065,811,551,700,566,2675,812,322,366,629,927,945,411,569,301,342,6844,919,602,5053,346,330,212,10,3,8,3,6
625,113,62,67,40,50,45,40,27,33,13,16,17,17,14,20,17,4,29,9,23,20,28,23,19,1,11,18,8,5
