"","X1","X2","X3","X4","X5","X6","X7","X8","X9","X10","X11","X12","X13","X14","X15","X16","X17","X18","X19","X20","X21","X22","X23","X24","X25","X26","X27","X28","X29","X30","X31","X32","X33","X34","X35","X36","X37","X38"
"1",1,0.99,1.01,1,0.99,0.98,1.01,1.02,1,1.01,0.99,1,1,1,1,1,0.99,1,1.01,1.02,1,1.01,1,1,1,1.01,0.99,1,0.99,1,0.99,0.98,0.97,1,1.01,1,1.01,1.02
"2",1,1,1,1,1,1,1,1,1,1,1,1,1,1,1,1,1,1,1,1,1,1,1,1,1,1,1,1,1,1,1,0.99,0.98,0.97,0.96,0.95,0.95,0.95
"3",1,1,1,1,1,1,1,1,1,1,1,1,1,1,1,1,1,1,1,1,1,1,1,1,1,1,1,1,1,1,0.99,1.01,1,0.99,0.98,0.97,0.96,0.95
"4",1,0.99,1,1,1,0.99,0.98,0.97,0.96,0.95,0.95,0.95,0.95,0.95,0.95,0.95,0.95,0.95,0.95,0.95,0.95,0.95,0.95,0.95,0.95,0.95,0.95,0.95,0.95,0.95,1,0.99,0.98,0.97,0.96,0.95,0.95,0.95
"5",1,1,1,1,1,1,1,1,1,1,1,1,1,1,1,1,1,1,1,1,1,1,1,1,1,1,1,1,1,1,1,1,1,1,1,1,1,1
"6",1,1,1,1,1,1,1,1,1,1,1,1,1,1,1,1,1,1,1,1,1,1,1,1,1,1,1,1,1,1,1,1,1,1,1,1,1,1
"7",1,1,1,1,1,1,1,1,1,1,1,1,1,1,1,1,1,1,1,1,1,1,1,1,1,1,1,1,1,1,1,1,1,1,1,1,1,1
"8",1,0.99,1,1,1,0.99,0.98,0.97,0.96,0.95,0.95,0.95,0.95,0.95,0.95,0.95,0.95,0.95,0.95,0.95,0.95,0.95,0.95,0.95,0.95,0.95,0.95,0.95,0.95,0.95,0.95,0.95,0.95,0.95,0.95,0.95,0.95,0.95
"9",1,0.99,1,0.99,1.01,1,1.01,1,1,1.01,0.99,0.98,0.97,0.96,0.95,1,1.01,1,0.99,1.01,0.99,0.98,0.97,0.96,0.95,1,0.99,1.01,1,1.01,1.02,1,1,1,1.01,1.02,0.99,1
"10",1,0.99,1,1,1,0.99,0.98,0.97,0.96,0.95,0.95,0.95,1.01,0.99,0.98,0.97,0.96,0.95,0.95,0.95,0.95,0.95,0.95,0.95,0.95,0.95,0.95,0.95,0.95,0.95,0.95,0.95,0.95,0.95,0.95,0.95,0.95,0.95
"11",1,1,1,1,1,1,1,1,1,1,1,1,1,1,1,1,1,1,1,1,1,1,1,1,1,1,1,1,1,1,1,1,1,1,1,1,1,1
"12",1,1,1.01,0.99,1,1,1.01,1,1.01,1,1.01,1,0.99,0.98,0.97,0.96,1.01,1,1.01,1,0.99,1.01,1,1.01,1,1,1,0.99,0.98,1.01,1,1.01,1.02,1,1,1.01,0.99,1
"13",1,1,1,1,1,1,1,1,1,1,1,1,1,1,1,1,1,1,1,1,1,1,1,1,1,1,1,1,1,1,1,1,1,1,1,1,1,1
"14",1,1,1,1,1,1,1,1,1,1,1,1,1,1,1,1,1,1,1,1,1,1,1,1,1,1,1,1,1,1,1,1,1,1,1,1,1,1
"15",1,0.99,1,1,1,0.99,0.98,0.97,0.96,0.95,0.95,0.95,0.95,0.95,0.95,0.95,0.95,0.95,0.95,0.95,0.95,0.95,0.95,0.95,0.95,0.95,0.95,0.95,0.95,0.95,0.95,0.95,0.95,0.95,0.95,0.95,0.95,0.95
"16",1,0.99,1,1,1,0.99,0.98,0.97,0.96,0.95,0.95,0.95,0.95,1,0.99,0.98,0.97,0.96,0.95,0.95,0.95,0.95,0.95,0.95,0.95,0.95,0.95,1,0.99,0.98,0.97,0.96,0.95,0.95,0.95,0.95,0.95,0.95
"17",1,1,1,1,1,0.99,0.98,0.97,0.96,0.95,0.95,0.95,0.95,0.95,0.95,0.95,0.95,0.95,0.95,0.95,0.95,0.95,0.95,1.01,1,1.01,0.99,1.01,0.99,1,0.99,1.01,0.99,0.98,0.97,1,1.01,1.02
"18",1,1,1,1.01,0.99,1,0.99,1.01,1.02,1.03,1.04,1.05,1.05,1,1,1.01,1.02,1.03,1.04,0.99,0.98,1.01,1.02,1,1,1,1,1,0.99,1,0.99,1,1,0.99,0.98,1.01,1.02,1.03
"19",1,1,1,1,1,1,1,1,1,1,1,1,1,1,1,1,1,1,1,1,1,1,1,1,1,1,1,1,1,1,1,1,1,0.99,0.98,0.97,0.96,0.95
"20",1,1,1,1,1,0.99,0.98,0.97,0.96,0.95,0.95,0.95,0.95,0.95,1.01,1,1,1,1,1,0.99,0.98,1,1.01,0.99,1,1.01,1.02,0.99,1.01,1.02,1,1.01,0.99,1.01,0.99,1,1.01
"21",1,1,1,1,1,1,1,1,1,1,1,1,1,1,1,1,1,1,1,1,1,1,1,1,1,1,1,1,1,1,1,1,1,1,1,1,1,1
"22",1,0.99,1,1,1,0.99,0.98,0.97,0.96,0.95,0.95,0.95,0.95,0.95,0.95,0.95,0.95,0.95,0.95,0.95,0.95,0.95,0.95,0.95,0.95,0.95,0.95,0.95,0.95,0.95,0.95,0.95,0.95,0.95,0.95,0.95,0.95,0.95
"23",1,0.99,1,1,0.99,1,0.99,1.01,1,1,0.99,1,1.01,1,1,0.99,1,1.01,1,0.99,0.98,0.97,0.96,0.95,0.95,0.95,1,1,0.99,1.01,1.02,1,1,0.99,1,1,1.01,1.02
"24",1,0.99,1,1,1,0.99,0.98,0.97,0.96,0.95,1.01,0.99,0.98,0.97,0.96,0.95,0.95,0.95,1.01,0.99,1.01,1.02,1.03,1,0.99,1.01,1.02,1,1.01,1.02,0.99,0.98,0.97,1,0.99,0.98,0.97,1.01
"25",1,1,0.99,1.01,1.02,0.99,1,1,1.01,0.99,0.98,0.97,1,1,1,1,1,1.01,0.99,0.98,0.97,0.96,0.95,0.95,0.95,0.95,0.95,0.95,0.95,0.95,0.95,0.95,0.95,0.95,1.01,0.99,1,0.99
"26",1,1,1,1,1,1,1,1,1,1,1,1,1,1,1,1,1,1,1,1,1,1,1,1,1,1,1,1,1,1,1,1,1,1,1,1,1,1
"27",1,1,1,1,1,1,1,1,1,1,1,1,1,1,1,1,1,1,1,1,1,1,1,1,1,1,1,1,1,1,1,1,1,1,1,1,1,1
"28",1,1,1,1,1,1,1,1,1,1,1,1,1,1,1,1,1,1,1,1,1,1,1,1,1,1,1,1,1,1,1,1,1,1,1,1,1,1
"29",1,0.99,1,1,1,0.99,0.98,0.97,0.96,0.95,0.95,0.95,0.95,0.95,0.95,0.95,0.95,0.95,0.95,0.95,0.95,0.95,0.95,0.95,0.95,0.95,0.95,0.95,0.95,0.95,0.95,0.95,0.95,0.95,0.95,0.95,0.95,0.95
"30",1,1,1.01,1,1,1.01,0.99,0.98,0.97,0.96,0.95,0.95,0.95,0.95,0.95,0.95,0.95,0.95,0.95,0.95,0.95,1,1,1.01,1.02,1,1,1,1,0.99,1,0.99,1,0.99,1.01,1.02,1,0.99
"31",1,0.99,1.01,0.99,0.98,0.97,0.96,1.01,1,1,1,0.99,0.98,0.97,0.96,0.95,0.95,1,0.99,1.01,1.02,0.99,1,1,1,0.99,1,1,0.99,1,1.01,1.02,0.99,0.98,1,1.01,1.02,1
"32",1,0.99,1,1,1,0.99,1,1,1.01,1,1,1,1.01,1.02,0.99,0.98,0.97,0.96,0.95,0.95,0.95,0.95,0.95,0.95,0.95,0.95,0.95,0.95,0.95,0.95,0.95,0.95,0.95,0.95,0.95,0.95,0.95,0.95
"33",1,0.99,0.98,1,1,1,0.99,0.98,0.97,0.96,0.95,0.95,0.95,0.95,0.95,0.95,1.01,1.02,1,1.01,1,1,0.99,1.01,0.99,1.01,1,1,1,1,1,0.99,1,1.01,0.99,1.01,1.02,1.03
"34",1,1,1,1,1,1,1,1,1,1,1,1,1,1,1,1,1,1,1,1,1,1,1,1,1,1,1,1,1,1,1,1,1,1,1,1,1,1
"35",1,0.99,1,1,1,1.01,1,1.01,1,1,1.01,1,1,1,0.99,0.98,1.01,1,1.01,1,1,0.99,0.98,0.97,0.96,0.95,0.95,0.95,0.95,0.95,0.95,0.95,1,1.01,1.02,0.99,0.98,0.97
"36",1,1,1,1,1,1,1,1,1,1,1,1,1,1,1,1,1,1,1,1,1,1,1,1,1,1,1,1,1,1,1,1,1,1,1,1,1,1
"37",1,0.99,1.01,1.02,0.99,0.98,1,1,1.01,0.99,1.01,1,1,1,1,1.01,1,1.01,1,1,1.01,1,1,1.01,1.02,1.03,0.99,1,0.99,1,1.01,1,0.99,1.01,1.02,1,0.99,1
"38",1,1,1,1,1,1,1,1,1,1,1,1,1,1,1,1,1,1,1,1,1,1,1,1,1,1,1,1,1,1,1,1,1,1,1,0.99,0.98,0.97
"39",1,0.99,1,1,1,0.99,0.98,0.97,0.96,0.95,0.95,0.95,0.95,0.95,0.95,0.95,0.95,0.95,0.95,0.95,0.95,0.95,0.95,0.95,0.95,0.95,0.95,0.95,0.95,0.95,0.95,0.95,1.01,0.99,0.98,0.97,0.96,1.01
"40",1,1,1,1,1,1,1,1,1,1,1,1,1,1,1,1,1,1,1,1,1,1,1,1,1,1,1,1,1,1,1,1,1,1,1,1,1,1
"41",1,1,1,1,1,1,1,1,1,1,1,1,1,1,1,1,1,1,1,1,1,1,1,1,1,1,1,1,1,1,1,1,1,1,1,1,1,1
"42",1,1,1,1,1,1,1,1,1,1,1,1,1,1,1,1,1,1,1,1,1,1,1,1,1,1,1,1,1,1,1,1,1,1,1,1,1,1
"43",1,1,1,1,1,1,1,1,1,1,1,1,1,1,1,1,1,1,1,1,1,1,1,1,1,1,1,1,1,1,1,1,1,1,1,1,1,1
"44",1,1,0.99,1,0.99,1.01,1.02,1.03,1,0.99,1,0.99,1.01,1.02,0.99,1.01,1.02,1,0.99,0.98,1,1,1.01,1,0.99,1.01,0.99,0.98,0.97,1,1.01,1,1.01,0.99,0.98,1.01,1.02,1.03
"45",1,0.99,1,1,1,0.99,0.98,0.97,0.96,0.95,0.95,0.95,0.95,0.95,0.95,0.95,0.95,0.95,0.95,0.95,0.95,0.95,0.95,0.95,0.95,0.95,0.95,0.95,0.95,0.95,0.95,0.95,0.95,0.95,0.95,0.95,0.95,0.95
"46",1,1,1,1,1,1,1,1,1,1,0.99,0.98,0.97,0.96,0.95,0.95,0.95,0.95,0.95,0.95,0.95,0.95,0.95,0.95,0.95,0.95,0.95,0.95,0.95,0.95,0.95,0.95,0.95,0.95,0.95,0.95,0.95,0.95
"47",1,0.99,1,1,1,0.99,0.98,0.97,0.96,0.95,0.95,0.95,0.95,0.95,0.95,0.95,0.95,0.95,0.95,0.95,0.95,0.95,0.95,0.95,0.95,0.95,0.95,0.95,0.95,0.95,0.95,0.95,0.95,0.95,1,1.01,0.99,0.98
"48",1,0.99,1,1,1,0.99,1,1.01,1.02,1.03,1,1,1,1.01,1.02,1,1.01,1,0.99,0.98,1.01,1,1,1,1,1.01,0.99,1.01,0.99,1,1,1,0.99,1,0.99,0.98,0.97,0.96
"49",1,0.99,1,1,1,0.99,0.98,0.97,0.96,0.95,0.95,0.95,0.95,0.95,0.95,0.95,0.95,0.95,0.95,0.95,0.95,0.95,0.95,0.95,0.95,0.95,0.95,0.95,0.95,0.95,0.95,0.95,0.95,0.95,0.95,0.95,0.95,0.95
"50",1,1.01,0.99,0.98,0.97,1,0.99,1,1,1.01,0.99,0.98,1,0.99,1,1.01,0.99,0.98,0.97,1,1,0.99,1,1,1,1.01,0.99,0.98,1,1,1.01,1,1,1,1.01,1,1.01,1.02
"51",1,1,1,1,1,1,1,1,1,1,1,1,1,1,1,1,1,1,1,1,1,1,1,1,1,1,1,1,1,1,1,1,1,1,1,1,1,1
"52",1,0.99,1,1,1,0.99,0.98,0.97,0.96,0.95,0.95,0.95,0.95,0.95,0.95,0.95,0.95,0.95,0.95,0.95,0.95,0.95,0.95,0.95,0.95,0.95,0.95,0.95,0.95,0.95,0.95,0.95,0.95,0.95,0.95,0.95,0.95,0.95
"53",1,0.99,1,1,1,0.99,0.98,0.97,0.96,0.95,0.95,0.95,0.95,0.95,0.95,0.95,0.95,0.95,0.95,0.95,0.95,0.95,0.95,0.95,0.95,0.95,0.95,0.95,0.95,0.95,0.95,0.95,0.95,0.95,0.95,0.95,0.95,0.95
"54",1,0.99,1,1,1.01,1.02,1,1.01,1,1.01,1,1,0.99,1,1.01,1,1.01,1,1,1,1.01,1.02,1,0.99,1.01,1,1.01,0.99,0.98,1,1.01,0.99,1.01,1.02,1.03,1.04,1,1.01
"55",1,0.99,1.01,1,1,0.99,0.98,0.97,0.96,0.95,0.95,0.95,0.95,0.95,0.95,0.95,0.95,0.95,0.95,0.95,0.95,0.95,0.95,1.01,0.99,0.98,0.97,0.96,0.95,0.95,0.95,1,0.99,0.98,0.97,0.96,0.95,0.95
"56",1,1,1,1,1,1,1,1,1,1,1,1,1,1,1,1,1,1,1,1,1,1,1,1,1,1,1,1,1,1,1,1,1,1,1,1,1,1
"57",1,1,1,1,1,1,1,1,1,1,1,1,1,1,1,1,1,1,1,1,1,1,1,1,1,1,1,1,1,1,1,1,1,1,1,1,1,1
"58",1,0.99,0.98,0.97,0.96,1,0.99,0.98,1.01,1.02,1.03,0.99,1,0.99,0.98,0.97,1,1,1.01,0.99,1,1.01,1,1,1,1,1,1,0.99,1,1.01,1.02,0.99,1.01,0.99,1,1,1
"59",1,1,1,1,1,1,1,1,1,1,1,1,1,1,1,1,1,1,1,1,1,1,1,1,1,1,1,1,1,1,1,1,1,1,1,1,1,1
"60",1,0.99,1,1,1,0.99,0.98,0.97,0.96,0.95,0.95,0.95,0.95,0.95,0.95,0.95,0.95,0.95,0.95,0.95,0.95,0.95,0.95,0.95,0.95,0.95,0.95,0.95,0.95,0.95,0.95,0.95,0.95,0.95,0.95,0.95,0.95,0.95
"61",1,1.01,0.99,1.01,1,1,1,1,1,1,0.99,1,1.01,1,1,1,1,1,1.01,1,1,1,1.01,1,1.01,0.99,1,0.99,0.98,1,1.01,0.99,1,1,0.99,1,1,1.01
"62",1,0.99,1,1,1,0.99,0.98,0.97,0.96,0.95,0.95,0.95,0.95,0.95,0.95,0.95,0.95,0.95,0.95,0.95,0.95,0.95,0.95,0.95,0.95,0.95,0.95,0.95,0.95,0.95,0.95,0.95,0.95,0.95,0.95,0.95,0.95,0.95
"63",1,1,1,1,1,1,1,1,1,1,1,1,0.99,0.98,0.97,0.96,0.95,0.95,0.95,0.95,0.95,0.95,0.95,0.95,0.95,0.95,0.95,0.95,0.95,0.95,0.95,0.95,0.95,0.95,0.95,0.95,0.95,0.95
"64",1,0.99,1.01,0.99,0.98,0.97,1,1,1.01,1.02,1,1,0.99,0.98,0.97,0.96,0.95,0.95,0.95,0.95,0.95,0.95,0.95,0.95,0.95,0.95,0.95,0.95,0.95,0.95,0.95,0.95,0.95,0.95,1.01,1.02,1.03,1
"65",1,0.99,1,1,1,0.99,0.98,0.97,0.96,0.95,0.95,0.95,0.95,0.95,0.95,0.95,0.95,0.95,0.95,0.95,0.95,0.95,0.95,0.95,0.95,0.95,0.95,0.95,0.95,0.95,0.95,0.95,0.95,0.95,0.95,0.95,0.95,0.95
"66",1,0.99,1,1,1,0.99,0.98,0.97,0.96,0.95,0.95,0.95,1,1,0.99,0.98,1.01,1.02,1,1,1,1.01,1,0.99,1,0.99,1,0.99,1.01,0.99,0.98,1,1.01,0.99,0.98,0.97,0.96,0.95
"67",1,1,1,1,1,1,1,1,1,1,1,1,1,1,1,1,1,1,1,1,1,1,1,1,1,1,1,1,1,1,1,1,1,1,1,1,1,1
"68",1,0.99,1.01,1,1,1,1.01,1.02,1,1.01,1,1,0.99,0.98,0.97,1.01,0.99,0.98,1.01,1.02,0.99,0.98,0.97,0.96,0.95,1.01,0.99,0.98,0.97,0.96,0.95,1.01,0.99,0.98,1.01,0.99,0.98,1.01
"69",1,1.01,1,1,1,0.99,0.98,1,1,0.99,1.01,1,0.99,0.98,1.01,1,0.99,1.01,1,0.99,1.01,1.02,1.03,0.99,1,1.01,0.99,0.98,0.97,0.96,0.95,0.95,0.95,0.95,1.01,1.02,0.99,0.98
"70",1,0.99,1,1,1,0.99,0.98,0.97,0.96,0.95,0.95,0.95,0.95,0.95,0.95,0.95,0.95,0.95,0.95,0.95,0.95,0.95,0.95,0.95,0.95,0.95,0.95,0.95,0.95,0.95,0.95,0.95,0.95,0.95,0.95,0.95,0.95,0.95
"71",1,0.99,1,1,1,0.99,0.98,0.97,0.96,0.95,0.95,0.95,0.95,0.95,1,1,0.99,0.98,1.01,1.02,0.99,1.01,1,0.99,0.98,0.97,0.96,0.95,0.95,0.95,0.95,1.01,0.99,0.98,1.01,0.99,0.98,0.97
"72",1,0.99,1.01,1,1,0.99,0.98,0.97,0.96,0.95,0.95,0.95,0.95,0.95,0.95,0.95,0.95,0.95,0.95,0.95,0.95,0.95,0.95,0.95,0.95,0.95,0.95,0.95,0.95,0.95,0.95,0.95,0.95,1,0.99,0.98,1.01,1.02
"73",1,0.99,1,1,1,0.99,0.98,0.97,0.96,0.95,0.95,0.95,1,0.99,0.98,0.97,0.96,0.95,0.95,0.95,0.95,0.95,0.95,0.95,0.95,0.95,0.95,0.95,0.95,0.95,0.95,0.95,0.95,0.95,0.95,0.95,0.95,0.95
"74",1,1,1,1,1,1,1,1,1,1,1,1,1,1,1,1,1,1,1,1,1,1,1,1,1,1,1,1,1,1,1,1,1,1,1,1,1,1
"75",1,0.99,1.01,1,1.01,1,1.01,1.02,0.99,1.01,1,0.99,1,1,0.99,1,0.99,0.98,1.01,1.02,0.99,1.01,1.02,0.99,0.98,1.01,0.99,0.98,0.97,0.96,0.95,0.95,0.95,1,1.01,0.99,1.01,1
"76",1,1,1,1,1,1,1,1,1,1,1,1,1,1,1,1,1,1,1,1,1,1,1,1,1,1,1,1,1,1,1,1,1,1,1,1,1,1
"77",1,0.99,1,1,1,0.99,0.98,0.97,0.96,0.95,0.95,0.95,0.95,0.95,0.95,0.95,0.95,0.95,0.95,0.95,0.95,0.95,0.95,0.95,0.95,0.95,0.95,0.95,0.95,0.95,0.95,0.95,0.95,0.95,0.95,0.95,0.95,0.95
"78",1,0.99,1.01,1,0.99,1,1.01,1.02,0.99,1.01,0.99,1,1,1.01,1,1,0.99,0.98,0.97,1.01,0.99,1.01,1,0.99,1.01,0.99,0.98,0.97,0.96,0.95,0.95,1.01,0.99,1,1.01,0.99,1.01,1.02
"79",1,0.99,1,1,1,1,1.01,1.02,0.99,1.01,1,1,1,0.99,1,0.99,0.98,0.97,0.96,0.95,0.95,1.01,1.02,0.99,0.98,1.01,0.99,0.98,0.97,0.96,1.01,1.02,0.99,0.98,0.97,0.96,1.01,1.02
"80",1,1,1,1,1,1,1,1,1,1,1,1,1,1,1,1,1,1,1,1,1,1,1,1,1,1,1,1,1,1,1,1,1,1,1,1,1,1
"81",1,1,1,1,1,1,1,1,1,1,1,1,1,1,1,1,1,1,1,1,1,1,1,1,1,1,1,1,1,1,1,1,1,1,1,1,1,1
"82",1,1,1,1,1,1,1,1,1,1,1,1,1,1,1,1,1,1,1,1,1,1,1,1,1,1,1,1,1,1,1,1,1,1,1,1,1,1
"83",1,1,1,1,1,1,1,1,1,1,1,1,1,1,1,1,1,1,1,1,1,1,1,1,1,1,1,1,1,1,1,1,1,1,1,1,1,1
"84",1,1,1,1,1,1,1,1,1,1,1,1,1,1,1,1,1,1,1,1,1,1,1,1,1,1,1,1,1,1,1,1,1,1,1,1,1,1
"85",1,1,1,1,1,1,1,1,1,1,1,1,1,1,1,1,1,1,1,1,1,1,1,1,1,1,1,1,1,1,1,1,1,1,1,1,1,1
"86",1,1,1,1,1,1,1,1,1,1,1,1,1,1,1,1,1,1,1,1,1,1,1,1,1,1,1,1,1,1,1,1,1,1,1,1,1,1
"87",1,1,1,1,1,1,1,1,1,1,1,1,1,1,1,1,1,1,1,1,1,1,1,1,1,1,1,1,1,1,1,1,1,1,1,1,1,1
"88",1,1,1,1,1,1,1,1,1,1,1,1,1,1,1,1,1,1,1,1,1,1,1,1,1,1,1,1,1,1,1,1,1,1,1,1,1,1
"89",1,1.01,1,1,1.01,0.99,1.01,0.99,1.01,1.02,0.99,1,0.99,0.98,0.97,0.96,1.01,0.99,0.98,0.97,0.96,0.95,1.01,0.99,0.98,0.97,0.96,1,0.99,1.01,1.02,0.99,0.98,0.97,1.01,1.02,1.03,1
"90",1,0.99,0.98,0.97,1,0.99,0.98,0.97,0.96,0.95,0.95,0.95,1.01,0.99,1.01,0.99,1.01,1.02,0.99,1.01,0.99,0.98,0.97,0.96,0.95,0.95,0.95,0.95,0.95,0.95,0.95,0.95,0.95,0.95,0.95,0.95,0.95,1
"91",1,1,1,1,1,1,1,1,1,1,1,1,1,1,1,1,1,1,1,1,1,1,1,1,1,1,1,1,1,1,1,1,1,1,1,1,1,1
"92",1,0.99,1,1,1.01,0.99,1.01,0.99,1.01,1.02,0.99,0.98,1.01,0.99,0.98,1.01,1.02,0.99,0.98,1.01,1.02,0.99,0.98,0.97,0.96,0.95,0.95,1,0.99,1.01,1.02,0.99,0.98,0.97,1.01,1.02,0.99,1
"93",1,0.99,1,1,1.01,0.99,1.01,0.99,1,1.01,0.99,0.98,1.01,0.99,0.98,1.01,1.02,0.99,0.98,1.01,0.99,0.98,0.97,0.96,0.95,0.95,0.95,0.95,0.95,1.01,1.02,0.99,0.98,0.97,1.01,1.02,0.99,1
"94",1,0.99,1,1,1,0.99,0.98,0.97,0.96,0.95,0.95,0.95,0.95,0.95,0.95,0.95,0.95,0.95,0.95,0.95,0.95,0.95,0.95,0.95,0.95,0.95,1,1,0.99,0.98,0.97,0.96,0.95,0.95,0.95,0.95,0.95,0.95
"95",1,1,1,1,1,1,1,1,1,1,1,1,1,1,1,1,1,1,1,1,1,1,1,1,1,1,1,1,1,1,1,1,1,1,1,1,1,1
"96",1,0.99,0.98,1,1.01,0.99,1.01,0.99,1.01,1.02,0.99,0.98,1.01,0.99,1.01,0.99,1.01,0.99,0.98,1.01,0.99,0.98,0.97,0.96,0.95,0.95,1,1,0.99,1.01,1.02,1,0.99,0.98,1.01,1.02,0.99,1
"97",1,0.99,0.98,1,1,0.99,0.98,0.97,1.01,1.02,1,1,0.99,0.98,0.97,0.96,0.95,0.95,0.95,0.95,0.95,0.95,0.95,0.95,1,0.99,0.98,1.01,0.99,0.98,0.97,0.96,0.95,0.95,0.95,0.95,0.95,0.95
"98",1,1,1,1,1,1,1,1,1,0.99,0.98,0.97,0.96,0.95,0.95,0.95,0.95,0.95,0.95,0.95,0.95,0.95,0.95,0.95,0.95,0.95,0.95,0.95,0.95,0.95,0.95,0.95,0.95,0.95,0.95,0.95,0.95,0.95
"99",1,0.99,1.01,0.99,1,0.99,1.01,1,0.99,1,1.01,0.99,0.98,0.97,0.96,1,1,0.99,0.98,1,0.99,1.01,0.99,1.01,0.99,0.98,1,0.99,1.01,1.02,0.99,1.01,1.02,0.99,0.98,1.01,0.99,0.98
"100",1,1,1.01,0.99,0.98,0.97,1.01,1,1,1,1.01,0.99,0.98,0.97,0.96,1,0.99,0.98,1.01,1,1.01,1.02,0.99,1.01,0.99,1,1,0.99,0.98,1.01,0.99,1.01,1.02,0.99,0.98,0.97,0.96,0.95
"101",1,0.99,1,0.99,1,0.99,0.98,0.97,0.96,0.95,0.95,0.95,0.95,0.95,0.95,0.95,0.95,0.95,0.95,0.95,0.95,0.95,0.95,0.95,0.95,0.95,0.95,0.95,0.95,0.95,0.95,0.95,0.95,0.95,0.95,1.01,0.99,0.98
"102",1,1,1,1,1,1,1,1,1,1,1,1,1,1,1,1,1,1,1,1,1,1,1,1,1,1,1,1,1,1,1,1,1,1,1,1,1,1
"103",1,0.99,1.01,0.99,1,0.99,1.01,1,0.99,1,0.99,0.98,0.97,0.96,0.95,1.01,1,0.99,1.01,1,0.99,1.01,0.99,1.01,0.99,1,1,0.99,0.98,1.01,0.99,1.01,1.02,0.99,0.98,1,0.99,0.98
"104",1,0.99,1,1,1,0.99,0.98,1.01,1.02,1.03,1.04,1.05,1.05,1,1.01,1.02,1.03,1.04,1.05,1,0.99,1.01,1.02,1,1.01,1,1,1,0.99,1.01,0.99,1,1.01,0.99,1,1.01,1.02,1.03
"105",1,0.99,1,1.01,0.99,0.98,0.97,1.01,1.02,1.03,1.04,1.05,1.05,1,1,1.01,1.02,1.03,1.04,0.99,0.98,1.01,1.02,1,1,1,1,1,0.99,1,0.99,1.01,1,0.99,0.98,1.01,1.02,1.03
"106",1,1,0.99,1.01,0.99,0.98,0.97,1.01,1.02,1.03,1.04,1.05,1.05,1,0.99,1.01,1.02,1.03,1.04,1.05,0.99,1.01,1.02,1,1,1,1,1,0.99,1.01,0.99,1,1,0.99,1.01,1.02,1.03,1.04
"107",1,1,1,1,1,1,1,1,1,1,1,1,1,1,1,1,1,1,1,1,1,1,1,1,1,1,1,1,1,1,1,1,1,1,1,1,1,1
"108",1,0.99,1,1,1,0.99,0.98,1.01,1.02,1.03,1.04,1.05,1.05,0.99,1,1.01,1.02,1.03,1.04,0.99,0.98,1.01,1.02,1.03,1,0.99,0.98,1,0.99,1.01,0.99,1,1,0.99,0.98,1.01,1.02,1.03
"109",1,1,1,1,1,1,1,1,1,1,1,1,1,1,1,1,1,1,1,1,1,1,1,1,1,1,1,1,1,1,1,1,1,1,1,1,1,1
"110",1,0.99,0.98,1.01,0.99,0.98,0.97,1,1.01,1,1.01,1,1,1.01,1,1,1,1,1,0.99,1,1,1.01,1,1,1.01,1,1,0.99,1,0.99,0.98,0.97,0.96,1,1,1,1
"111",1,1,1,1,1,1,1,1,1,1,1,1,1,1,1,1,1,1,1,1,1,1,1,1,1,1,1,1,1,1,1,1,1,1,1,1,1,1
"112",1,1,1,1,1,1,1,1,1,1,1,1,1,1,1,1,1,1,1,1,1,1,1,1,1,1,1,1,1,1,1,1,1,1,1,1,1,1
"113",1,1,1,1,1,1,1,1,1,1,1,1,1,1,1,1,1,1,1,1,1,1,1,1,1,1,1,1,1,1,1,1,1,1,1,1,1,1
"114",1,1,1,1,1,1,1,1,1,1,1,1,1,1,1,1,1,1,1,1,1,1,1,1,1,1,1,1,1,1,1,1,1,1,1,1,1,1
"115",1,1,0.99,1,1,1.01,0.99,0.98,0.97,0.96,0.95,0.95,0.95,1,1.01,0.99,0.98,1,1,0.99,0.98,0.97,1,1.01,0.99,0.98,0.97,0.96,0.95,0.95,0.95,0.95,0.95,0.95,0.95,0.95,0.95,0.95
"116",1,1,1,0.99,1,0.99,0.98,1,1,0.99,0.98,0.97,0.96,0.95,1.01,0.99,1,0.99,0.98,0.97,0.96,0.95,1,1.01,0.99,0.98,0.97,0.96,0.95,0.95,0.95,0.95,0.95,0.95,1,0.99,0.98,0.97
"117",1,0.99,1,1,1,0.99,0.98,0.97,0.96,0.95,0.95,0.95,0.95,0.95,0.95,0.95,0.95,0.95,0.95,0.95,0.95,0.95,0.95,0.95,0.95,0.95,0.95,0.95,0.95,0.95,0.95,0.95,0.95,0.95,0.95,0.95,0.95,0.95
"118",1,1,1,1,1,1,1,1,1,1,1,1,1,1,1,1,1,1,1,1,1,1,1,1,1,1,1,1,1,1,1,1,1,1,1,1,1,1
"119",1,0.99,1,0.99,1,1.01,0.99,1,0.99,0.98,0.97,0.96,0.95,0.95,0.95,0.95,0.95,1,1,0.99,1,0.99,0.98,0.97,0.96,0.95,0.95,0.95,0.95,0.95,0.95,0.95,1.01,0.99,1,0.99,0.98,1.01
"120",1,1,1,1,1,1,1,1,1,1,1,1,1,1,1,1,1,1,1,1,1,1,1,1,1,1,1,1,1,1,1,1,1,1,1,1,1,1
"121",1,0.99,1,1,1,0.99,0.98,0.97,0.96,0.95,0.95,0.95,0.95,0.95,0.95,0.95,0.95,0.95,0.95,0.95,0.95,0.95,0.95,0.95,0.95,0.95,1.01,1.02,0.99,1.01,1,0.99,1.01,0.99,0.98,0.97,0.96,0.95
"122",1,0.99,1,1,1,0.99,0.98,0.97,0.96,0.95,0.95,0.95,0.95,0.95,0.95,0.95,0.95,0.95,0.95,0.95,0.95,0.95,1,0.99,0.98,0.97,0.96,0.95,0.95,1.01,1,0.99,1.01,1,1,0.99,0.98,1.01
"123",1,1,1,1,1,0.99,0.98,0.97,0.96,0.95,0.95,0.95,0.95,0.95,0.95,0.95,0.95,0.95,0.95,0.95,0.95,0.95,0.95,0.95,0.95,0.95,0.95,0.95,0.95,0.95,0.95,0.95,0.95,0.95,0.95,0.95,0.95,0.95
"124",1,0.99,0.98,1,1,1.01,0.99,0.98,1,0.99,0.98,0.97,0.96,1.01,1.02,0.99,0.98,0.97,0.96,0.95,0.95,0.95,1,1.01,0.99,1,1.01,1.02,0.99,1.01,0.99,0.98,0.97,0.96,1,0.99,0.98,1.01
"125",1,0.99,1.01,1,0.99,0.98,0.97,1.01,0.99,1,0.99,1,1.01,0.99,0.98,0.97,1,1.01,0.99,0.98,0.97,0.96,0.95,1.01,0.99,1,1.01,1.02,0.99,0.98,0.97,0.96,0.95,0.95,0.95,0.95,0.95,1.01
"126",1,1,1,1,0.99,1,0.99,1.01,1,0.99,0.98,0.97,0.96,0.95,1.01,0.99,0.98,0.97,1,0.99,0.98,0.97,1,1.01,0.99,1,1.01,1.02,0.99,1.01,1,0.99,1.01,0.99,1,0.99,0.98,1.01
"127",1,1,1,1.01,1.02,1,0.99,0.98,0.97,0.96,0.95,0.95,0.95,1,1.01,0.99,1.01,1,1.01,1.02,1.03,1.04,1.05,1,0.99,1.01,1.02,0.99,0.98,1.01,0.99,1,0.99,1.01,1.02,0.99,1,1.01
"128",1,0.99,1,1,1.01,1.02,1,1,0.99,0.98,1.01,0.99,1.01,1,1,0.99,1.01,0.99,1.01,0.99,1.01,1.02,1.03,1.04,1,1.01,1.02,0.99,1.01,1.02,0.99,0.98,0.97,0.96,0.95,0.95,0.95,0.95
"129",1,1,1,0.99,1,0.99,0.98,0.97,0.96,0.95,1.01,0.99,0.98,0.97,1,0.99,0.98,1,1.01,0.99,1.01,1.02,1.03,1,1,1.01,1.02,0.99,0.98,0.97,0.96,0.95,0.95,0.95,0.95,0.95,0.95,0.95
"130",1,1,1.01,1.02,1,0.99,0.98,0.97,0.96,0.95,0.95,0.95,0.95,0.95,0.95,0.95,0.95,0.95,1.01,0.99,0.98,1.01,1.02,0.99,0.98,0.97,0.96,0.95,0.95,0.95,0.95,1,0.99,1,1.01,0.99,1,0.99
"131",1,1,1,1.01,1.02,1,1,1.01,1,0.99,0.98,0.97,0.96,1,0.99,0.98,0.97,0.96,0.95,0.95,0.95,0.95,0.95,0.95,0.95,0.95,0.95,0.95,1.01,1.02,0.99,1.01,1.02,1.03,1.04,0.99,1,1.01
"132",1,1,1.01,0.99,1,0.99,1.01,1,0.99,1,1.01,0.99,0.98,0.97,0.96,0.95,1,0.99,1.01,1,0.99,1.01,0.99,1.01,0.99,1,1.01,0.99,0.98,1.01,0.99,1.01,1.02,0.99,0.98,1.01,0.99,0.98
"133",1,1,1,1,1,1,1,1,1,1,1,1,1,1,1,1,1,0.99,0.98,0.97,0.96,0.95,0.95,0.95,0.95,0.95,0.95,0.95,0.95,0.95,0.95,0.95,0.95,0.95,0.95,0.95,0.95,0.95
"134",1,0.99,1,1,1,0.99,0.98,0.97,0.96,0.95,0.95,0.95,0.95,0.95,0.95,0.95,0.95,0.95,0.95,0.95,0.95,0.95,0.95,0.95,0.95,0.95,0.95,0.95,0.95,0.95,0.95,0.95,0.95,0.95,0.95,0.95,0.95,0.95
"135",1,0.99,1,1,1,0.99,0.98,1.01,1,1,0.99,0.98,0.97,0.96,0.95,1.01,1.02,0.99,0.98,0.97,0.96,0.95,0.95,0.95,0.95,0.95,0.95,0.95,0.95,0.95,0.95,0.95,0.95,0.95,0.95,0.95,0.95,0.95
"136",1,0.99,1,1,1,0.99,0.98,0.97,0.96,0.95,0.95,0.95,0.95,0.95,0.95,0.95,0.95,0.95,0.95,0.95,0.95,0.95,0.95,0.95,0.95,0.95,0.95,0.95,0.95,0.95,1.01,0.99,0.98,0.97,0.96,0.95,0.95,0.95
"137",1,0.99,0.98,1.01,1.02,1,1,1,0.99,0.98,1.01,0.99,1,0.99,1,0.99,1.01,1,1.01,0.99,1.01,1.02,1.03,1,0.99,1.01,1.02,0.99,1.01,1.02,1,1,0.99,1.01,1.02,0.99,1,1.01
"138",1,1,1,1,1,1,1,1,1,1,1,1,1,1,1,1,1,1,1,1,1,1,1,1,1,1,1,1,1,1,1,1,1,1,1,1,1,1
"139",1,1,1,1,1,1,1,1,1,1,1,1,1,1,1,1,1,1,1,1,1,1,1,1,1,1,1,1,1,1,1,1,1,1,1,1,1,1
"140",1,1,1,1,1,1,1,1,1,1,1,1,1,1,1,1,1,1,1,1,1,1,1,1,1,1,1,1,1,1,1,1,1,1,1,1,1,1
"141",1,1,1,1,1,1,1,1,1,1,1,1,1,1,1,1,1,1,1,1,1,1,1,1,1,1,1,1,1,1,1,1,1,1,1,1,1,1
"142",1,1,1,1,1,1,1,1,1,1,1,1,1,1,1,1,1,1,1,1,1,1,1,1,1,1,1,1,1,1,1,1,1,1,1,1,1,1
"143",1,1,1,1,1,1,1,1,1,1,1,1,1,1,1,1,1,1,1,1,1,1,1,1,1,1,1,1,1,1,1,1,1,1,1,1,1,1
"144",1,1,1,1,1,1,1,1,1,1,1,1,1,1,1,1,1,1,1,1,1,1,1,1,1,1,1,1,1,1,1,1,1,1,1,1,1,1
"145",1,1,1,1,1,1,1,1,1,1,1,1,1,1,1,1,1,1,1,1,1,1,1,1,1,1,1,1,1,1,1,1,1,1,1,1,1,1
"146",1,1,1,1,1,1,1,1,1,1,1,1,1,1,1,1,1,1,1,1,1,1,1,1,1,1,1,1,1,1,1,1,1,1,1,1,1,1
"147",1,1,1,1,1,1,1,1,1,1,1,1,1,1,1,1,1,1,1,1,1,1,1,1,1,1,1,1,1,1,1,1,1,1,1,1,1,1
"148",1,1,1,1,1,1,1,1,1,1,1,1,1,1,1,1,1,1,1,1,1,1,1,1,1,1,1,1,1,1,1,1,1,1,1,1,1,1
"149",1,0.99,1,1,1,0.99,0.98,0.97,0.96,0.95,0.95,0.95,0.95,0.95,0.95,0.95,0.95,0.95,0.95,0.95,0.95,0.95,0.95,0.95,0.95,0.95,0.95,0.95,0.95,0.95,1.01,1.02,0.99,0.98,0.97,1.01,1.02,0.99
"150",1,0.99,1,1,1,0.99,0.98,0.97,0.96,0.95,0.95,0.95,0.95,0.95,0.95,0.95,0.95,0.95,0.95,1.01,0.99,0.98,0.97,0.96,0.95,0.95,0.95,0.95,0.95,0.95,0.95,0.95,0.95,0.95,0.95,0.95,0.95,1.01
"151",1,1,1,1,1,1,1,1,1,1,1,1,1,1,1,1,1,1,1,1,1,1,1,1,1,1,1,1,1,1,1,1,1,1,1,1,1,1
"152",1,0.99,1.01,1,0.99,1.01,0.99,1.01,0.99,1.01,1,0.99,0.98,0.97,0.96,0.95,1,1,0.99,0.98,1.01,0.99,0.98,1,0.99,0.98,1.01,1.02,0.99,0.98,1.01,1.02,0.99,1,0.99,1.01,1.02,0.99
"153",1,0.99,1.01,1,0.99,1.01,0.99,1.01,0.99,1,1,0.99,0.98,0.97,0.96,0.95,1,0.99,0.98,1.01,1.02,0.99,0.98,1,0.99,0.98,1,1.01,0.99,1.01,1.02,1.03,0.99,1.01,0.99,1.01,1.02,0.99
"154",1,0.99,1,0.99,1,0.99,1,0.99,0.98,0.97,1,1,0.99,0.98,0.97,1,0.99,0.98,0.97,1,0.99,1,0.99,1.01,1.02,0.99,1,0.99,1,0.99,1,1.01,0.99,1.01,1.02,1.03,0.99,0.98
"155",1,0.99,1.01,1.02,0.99,1.01,0.99,1.01,0.99,1,1,0.99,0.98,1,0.99,0.98,0.97,0.96,0.95,1.01,1.02,0.99,0.98,1,0.99,0.98,1,1,0.99,0.98,0.97,0.96,0.95,0.95,0.95,0.95,0.95,0.95
"156",1,0.99,1.01,0.99,0.98,1.01,0.99,1.01,0.99,1,0.99,0.98,0.97,1,0.99,0.98,0.97,0.96,0.95,1.01,1.02,0.99,0.98,1,0.99,0.98,1,1,0.99,0.98,1.01,1.02,0.99,0.98,0.97,1.01,1.02,0.99
"157",1,0.99,1,1,1,0.99,0.98,0.97,0.96,0.95,0.95,0.95,0.95,0.95,0.95,0.95,0.95,0.95,0.95,0.95,0.95,1,0.99,0.98,0.97,0.96,0.95,0.95,0.95,0.95,0.95,0.95,0.95,0.95,0.95,0.95,0.95,0.95
"158",1,1,0.99,1,1,1,1,1,1.01,1,0.99,1,1.01,1.02,0.99,0.98,1.01,1.02,1,1.01,0.99,0.98,0.97,1,0.99,1.01,0.99,1,1,1,1,0.99,1.01,1.02,0.99,1.01,1.02,1.03
"159",1,0.99,1,1,1,0.99,0.98,0.97,0.96,0.95,0.95,0.95,0.95,0.95,0.95,0.95,0.95,0.95,1.01,0.99,0.98,0.97,0.96,0.95,0.95,0.95,0.95,0.95,0.95,0.95,0.95,0.95,0.95,0.95,0.95,0.95,0.95,0.95
"160",1,0.99,1,1,1,0.99,0.98,0.97,0.96,0.95,0.95,0.95,0.95,0.95,0.95,0.95,0.95,0.95,0.95,0.95,0.95,0.95,0.95,0.95,0.95,0.95,0.95,0.95,0.95,0.95,0.95,0.95,0.95,0.95,0.95,0.95,0.95,0.95
"161",1,0.99,1,1,1,0.99,1,0.99,0.98,0.97,0.96,0.95,0.95,0.95,0.95,0.95,1.01,1.02,1,1.01,0.99,1,0.99,0.98,0.97,0.96,0.95,1,1,1,0.99,0.98,0.97,0.96,0.95,0.95,0.95,0.95
"162",1,0.99,0.98,0.97,1,1.01,0.99,1,1.01,1,1.01,0.99,1.01,1.02,0.99,0.98,1.01,1.02,1,1.01,1,0.99,0.98,1,0.99,0.98,0.97,0.96,0.95,0.95,1,0.99,1,1.01,0.99,1.01,1.02,1.03
"163",1,0.99,1,0.99,1,1,1,1,1.01,1,1.01,1,1.01,1.02,0.99,0.98,0.97,0.96,0.95,0.95,0.95,0.95,0.95,1,0.99,1.01,0.99,1,1,0.99,1,0.99,1,1.01,0.99,1.01,1.02,1.03
"164",1,0.99,1,1.01,1,1,1.01,1.02,1,1,0.99,1,1,1.01,1,1,1,1,1.01,1,0.99,1.01,1.02,1,0.99,1,1,1,1,1.01,1,1,1,1,1,1,0.99,1
"165",1,0.99,0.98,1,0.99,0.98,0.97,0.96,0.95,0.95,1.01,0.99,0.98,0.97,0.96,0.95,0.95,0.95,0.95,0.95,0.95,0.95,0.95,0.95,0.95,0.95,0.95,0.95,0.95,0.95,0.95,0.95,0.95,0.95,0.95,0.95,0.95,0.95
"166",1,1,1.01,1,1,0.99,0.98,0.97,0.96,0.95,0.95,0.95,0.95,0.95,1,0.99,0.98,1,0.99,0.98,0.97,1.01,0.99,1.01,1.02,0.99,1,0.99,1,0.99,1.01,1,0.99,0.98,1.01,1.02,0.99,0.98
"167",1,0.99,0.98,1,0.99,1.01,1.02,1.03,1,1,0.99,0.98,1.01,1.02,0.99,1.01,1.02,1,1.01,0.99,0.98,1,0.99,0.98,0.97,0.96,0.95,0.95,0.95,0.95,0.95,0.95,0.95,0.95,0.95,0.95,0.95,0.95
"168",1,1,1,1,1,1,1,1,1,1,1,1,1,1,1,0.99,1,1,1,1,1,1,1,1,1,1,1,1,1,1,1,1,1,1,1,1,1,1
"169",1,1,1,1,1,1,1,1,1,1,1,1,1,1,1,1,1,1,1,1,1,1,1,1,1,1,1,1,1,1,1,1,1,1,1,1,1,1
"170",1,0.99,1,0.99,1,1.01,0.99,0.98,0.97,0.96,1.01,1,1,1,0.99,1.01,1.02,1,1.01,1,0.99,0.98,0.97,1.01,1,1.01,0.99,1.01,0.99,0.98,0.97,0.96,1,0.99,1.01,0.99,0.98,1
"171",1,0.99,1,1,1,0.99,0.98,0.97,0.96,0.95,0.95,0.95,0.95,0.95,0.95,0.95,0.95,0.95,0.95,0.95,0.95,0.95,0.95,0.95,0.95,0.95,0.95,0.95,0.95,0.95,0.95,0.95,0.95,1.01,1.02,0.99,1.01,1.02
"172",1,1,1,1,1,1,1,1,1,1,1,1,1,1,1,1,1,1,1,1,1,1,1,1,1,1,1,1,1,1,1,1,1,1,1,1,1,1
"173",1,1,1,1,1,1,1,1,1,1,1,1,1,1,1,1,1,1,1,1,1,1,1,1,1,1,1,1,1,1,1,1,1,1,1,1,1,1
"174",1,0.99,1,1,1,0.99,1,0.99,1,0.99,1.01,0.99,0.98,1.01,0.99,0.98,1.01,1,1.01,0.99,1,0.99,0.98,1.01,0.99,0.98,0.97,1.01,0.99,1,0.99,0.98,0.97,1.01,1.02,0.99,1.01,1
"175",1,1,0.99,1,1,0.99,1,0.99,1,1,1.01,1,0.99,0.98,0.97,0.96,0.95,0.95,0.95,1,0.99,0.98,0.97,1.01,1,1.01,0.99,1.01,0.99,1,0.99,0.98,1,0.99,0.98,0.97,0.96,0.95
"176",1,1.01,1.02,0.99,1.01,1.02,0.99,1.01,1,1.01,1,1,0.99,0.98,1.01,0.99,1.01,1.02,0.99,0.98,1.01,1.02,1.03,1.04,1.05,0.99,1.01,0.99,0.98,0.97,0.96,1,0.99,1.01,1.02,0.99,0.98,0.97
"177",1,0.99,1.01,1.02,0.99,0.98,1,1.01,1.02,0.99,0.98,0.97,0.96,0.95,0.95,0.95,0.95,0.95,0.95,1,0.99,0.98,0.97,0.96,1.01,1.02,0.99,0.98,0.97,1,1.01,1,1.01,1.02,1.03,1.04,0.99,1.01
"178",1,0.99,1.01,1.02,0.99,0.98,1.01,1,1.01,0.99,1.01,0.99,0.98,0.97,0.96,0.95,1,0.99,1.01,1.02,0.99,0.98,1,1.01,0.99,1.01,0.99,0.98,0.97,0.96,0.95,0.95,0.95,0.95,1.01,1,0.99,0.98
"179",1,0.99,1,1,1,0.99,0.98,0.97,0.96,0.95,1.01,1,1.01,1,1,1.01,0.99,1.01,0.99,0.98,0.97,1,0.99,0.98,0.97,0.96,0.95,0.95,0.95,0.95,0.95,0.95,1.01,1.02,1.03,0.99,0.98,1.01
"180",1,0.99,1,1,1,0.99,0.98,0.97,0.96,0.95,0.95,1,1,1,1,1.01,1,1.01,1,0.99,1.01,1,1,0.99,0.98,0.97,0.96,1,0.99,0.98,0.97,0.96,0.95,0.95,0.95,0.95,0.95,1.01
"181",1,1,1,1,1,1,1,1,1,1,1,1,1,1,1,1,1,1,1,1,1,1,1,1,1,1,1,1,1,1,1,1,1,1,1,1,1,1
"182",1,0.99,1,1,1,0.99,0.98,0.97,0.96,0.95,1.01,1,1,1,0.99,1.01,0.99,1.01,1,0.99,1.01,1,0.99,1.01,0.99,0.98,0.97,1.01,0.99,0.98,1.01,1,1.01,1.02,0.99,0.98,0.97,0.96
"183",1,0.99,1.01,1.02,0.99,0.98,0.97,0.96,0.95,0.95,1.01,0.99,0.98,0.97,0.96,0.95,0.95,0.95,0.95,0.95,0.95,0.95,0.95,0.95,0.95,0.95,0.95,1,0.99,0.98,0.97,1,1.01,0.99,0.98,0.97,0.96,0.95
"184",1,0.99,0.98,0.97,1,0.99,1.01,1,1.01,0.99,0.98,0.97,0.96,0.95,0.95,0.95,0.95,0.95,0.95,1,0.99,0.98,1,0.99,1.01,1.02,0.99,0.98,0.97,1,0.99,0.98,0.97,0.96,0.95,0.95,0.95,1.01
"185",1,1,1,1,1,1,1,1,1,1,1,1,1,1,1,1,1,1,1,1,1,1,1,1,1,1,1,1,1,1,0.99,0.98,0.97,0.96,0.95,0.95,0.95,1.01
"186",1,0.99,1.01,1.02,0.99,1,1,0.99,1.01,0.99,0.98,0.97,1,0.99,1,1.01,0.99,1.01,1,1,1.01,1.02,1,1.01,1.02,1.03,0.99,1.01,0.99,1.01,1.02,0.99,0.98,1.01,1.02,1,0.99,0.98
"187",1,1,1,1,1,1,1,1,1,1,1,1,1,1,1,1,1,1,1,1,1,1,1,1,1,1,1,1,1,1,1,1,1,1,1,1,1,1
"188",1,1,1,1,1,1,1,1,1,1,1,1,1,1,1,1,1,1,1,1,1,1,1,1,1,1,1,1,1,1,1,1,1,1,1,1,1,1
"189",1,1,1,1,1,1,1,1,1,1,1,1,1,1,1,1,1,1,1,1,1,1,1,1,1,1,1,1,1,1,1,1,1,1,1,1,1,1
"190",1,1,1,1,1,1,1,1,1,1,1,1,1,1,1,1,1,1,1,1,1,1,1,1,1,1,1,1,1,1,1,1,1,1,1,1,1,1
"191",1,1,1,1,1,1,1,1,1,1,1,1,1,1,1,1,1,1,1,1,1,1,1,1,1,1,1,1,1,1,1,1,1,1,1,1,1,1
"192",1,1,1,1,1,1,1,1,1,1,1,1,1,1,1,1,1,1,1,1,1,1,1,1,1,1,1,1,1,1,1,1,1,1,1,1,1,1
"193",1,1,1,1,1,1,1,1,1,1,1,1,1,1,1,1,1,1,1,1,1,1,1,1,1,1,1,1,1,1,1,1,1,1,1,1,1,1
"194",1,0.99,1,1,0.99,0.98,0.97,1,0.99,1,0.99,0.98,0.97,0.96,0.95,0.95,0.95,0.95,0.95,0.95,0.95,0.95,0.95,1.01,0.99,0.98,0.97,0.96,0.95,0.95,0.95,0.95,0.95,0.95,1,1,1.01,1
"195",1,1,1,1,1,1,1,1,1,1,1,1,1,1,1,1,1,1,1,1,1,1,1,1,1,1,1,1,1,1,1,1,1,1,1,1,1,1
"196",1,0.99,1,1,1,0.99,0.98,0.97,0.96,0.95,0.95,0.95,0.95,0.95,0.95,0.95,0.95,0.95,0.95,0.95,0.95,0.95,0.95,0.95,0.95,0.95,0.95,0.95,0.95,0.95,0.95,0.95,0.95,0.95,0.95,0.95,0.95,0.95
"197",1,1,1,1,1,1,1,1,1,1,1,1,1,1,1,1,1,1,1,1,1,1,1,1,1,1,1,1,1,1,1,1,1,1,1,1,1,1
"198",1,0.99,1,1,0.99,1.01,1.02,1.03,0.99,0.98,0.97,0.96,1.01,1.02,0.99,0.98,1.01,1.02,0.99,0.98,0.97,1,1.01,1.02,0.99,1.01,0.99,0.98,0.97,1,1.01,0.99,1.01,0.99,1.01,1.02,1.03,1
"199",1,1,0.99,1,0.99,1.01,1.02,0.99,0.98,0.97,0.96,0.95,1.01,1.02,0.99,0.98,0.97,1,0.99,0.98,0.97,1,1.01,0.99,0.98,1.01,0.99,0.98,0.97,0.96,1.01,1,1.01,0.99,1,1.01,1.02,1.03
"200",1,1,1,1,1,1,1,1,1,1,1,1,1,1,1,1,1,1,1,1,1,1,1,1,1,1,1,1,1,1,1,1,1,1,1,1,1,1
"201",1,1,1,1,1,1,1,1,1.01,1,0.99,0.98,0.97,0.96,0.95,1,0.99,0.98,0.97,1,1,0.99,0.98,0.97,0.96,0.95,0.95,0.95,0.95,0.95,0.95,1,0.99,0.98,0.97,0.96,0.95,0.95
"202",1,0.99,1,1,1,0.99,0.98,0.97,0.96,0.95,0.95,0.95,0.95,0.95,0.95,0.95,0.95,0.95,0.95,0.95,0.95,0.95,0.95,0.95,0.95,0.95,0.95,0.95,0.95,0.95,0.95,0.95,0.95,0.95,0.95,0.95,0.95,1
"203",1,0.99,1,1,1,0.99,0.98,0.97,0.96,0.95,0.95,0.95,0.95,0.95,0.95,0.95,0.95,0.95,0.95,0.95,0.95,0.95,0.95,0.95,0.95,1.01,0.99,0.98,0.97,0.96,1.01,1.02,1.03,0.99,0.98,1.01,1.02,1.03
"204",1,1,0.99,1,1,0.99,0.98,0.97,0.96,0.95,0.95,0.95,0.95,0.95,0.95,0.95,0.95,0.95,0.95,0.95,0.95,0.95,0.95,0.95,0.95,0.95,0.95,0.95,0.95,0.95,0.95,0.95,0.95,0.95,0.95,0.95,0.95,1.01
"205",1,1,1,1,1,0.99,0.98,0.97,0.96,0.95,0.95,1,0.99,0.98,0.97,0.96,0.95,1,0.99,0.98,0.97,0.96,1.01,0.99,0.98,1.01,0.99,0.98,0.97,0.96,1.01,1.02,1.03,0.99,0.98,1.01,1.02,1.03
"206",1,1,1,1,1,1,1,1,1,1,1,1,1,1,1,1,1,1,1,1,1,1,1,1,1,1,1,1,1,1,1,1,1,1,1,1,1,1
"207",1,0.99,1,1,0.99,0.98,1,1,1.01,1.02,0.99,0.98,0.97,0.96,0.95,0.95,0.95,0.95,0.95,0.95,0.95,0.95,0.95,0.95,0.95,0.95,0.95,1.01,0.99,0.98,0.97,1,0.99,1,0.99,1.01,0.99,0.98
"208",1,1,1,1,1,1,1,1,1,1,1,1,1,1,1,1,1,1,1,1,1,1,1,0.99,0.98,0.97,0.96,0.95,0.95,0.95,0.95,0.95,0.95,0.95,0.95,0.95,0.95,0.95
"209",1,0.99,1,1,1,0.99,1,1,0.99,0.98,0.97,0.96,0.95,1.01,1.02,0.99,1.01,0.99,0.98,0.97,1.01,1,1,0.99,0.98,0.97,0.96,1.01,0.99,0.98,0.97,0.96,0.95,1,0.99,1.01,0.99,0.98
"210",1,0.99,1,1,0.99,0.98,1,1,1.01,1.02,1,1,1,1.01,1.02,0.99,1.01,0.99,0.98,1.01,1.02,1,1,1,0.99,1.01,0.99,1.01,0.99,0.98,0.97,0.96,0.95,1,0.99,1.01,0.99,0.98
"211",1,0.99,1,1,1,0.99,0.98,0.97,0.96,0.95,0.95,0.95,0.95,1.01,1.02,0.99,0.98,0.97,0.96,0.95,0.95,0.95,0.95,0.95,0.95,0.95,0.95,0.95,0.95,0.95,0.95,1,0.99,1,0.99,1.01,0.99,0.98
"212",1,1,0.99,0.98,0.97,0.96,1,1,1.01,1.02,0.99,1,1,1.01,1.02,0.99,1.01,0.99,1,0.99,1.01,1,1,1,1,1.01,0.99,1.01,0.99,0.98,0.97,1,0.99,1,0.99,0.98,0.97,0.96
"213",1,0.99,0.98,1,0.99,0.98,0.97,1,1.01,1.02,1,1,1,0.99,0.98,0.97,1.01,0.99,0.98,0.97,1.01,1,1,0.99,1,1.01,0.99,1.01,0.99,0.98,0.97,1,0.99,1,0.99,1.01,0.99,0.98
"214",1,1,1,1,1,1,1,1,1,1,1,1,1,1,1,1,1,1,1,1,1,1,1,1,1,1,1,1,1,1,1,1,1,1,1,1,1,1
"215",1,1,1,1,1,1,1,1,1,1,1,1,1,1,1,1,1,1,1,1,1,1,1,1,1,1,1,1,1,1,1,1,1,1,1,1,1,1
"216",1,0.99,1,1,1,0.99,0.98,0.97,0.96,0.95,0.95,0.95,0.95,1,0.99,0.98,0.97,0.96,0.95,0.95,0.95,0.95,0.95,1.01,0.99,0.98,0.97,0.96,0.95,0.95,0.95,0.95,0.95,0.95,0.95,0.95,0.95,0.95
"217",1,0.99,1,1,1,0.99,0.98,0.97,0.96,0.95,0.95,0.95,0.95,0.95,0.95,0.95,0.95,0.95,0.95,1,0.99,0.98,0.97,0.96,0.95,0.95,0.95,0.95,0.95,0.95,0.95,0.95,0.95,0.95,0.95,0.95,0.95,0.95
"218",1,0.99,1,1,1,0.99,0.98,0.97,0.96,0.95,0.95,0.95,0.95,0.95,0.95,0.95,0.95,0.95,0.95,0.95,0.95,0.95,0.95,0.95,0.95,0.95,0.95,0.95,0.95,0.95,0.95,0.95,0.95,0.95,0.95,0.95,0.95,1.01
"219",1,1,1,1,1,1,1,1,1,1,1,1,1,1,1,1,1,1,1,1,1,1,1,1,1,1,1,1,1,1,1,1,1,1,1,1,1,1
"220",1,1.01,0.99,0.98,0.97,1,0.99,0.98,0.97,0.96,0.95,0.95,1,0.99,0.98,0.97,0.96,0.95,0.95,0.95,1,0.99,0.98,0.97,0.96,1.01,0.99,0.98,0.97,0.96,1.01,0.99,0.98,1,1.01,0.99,1.01,1.02
"221",1,1.01,0.99,0.98,0.97,0.96,0.95,0.95,0.95,1.01,0.99,0.98,0.97,0.96,0.95,0.95,0.95,0.95,0.95,0.95,0.95,0.95,0.95,0.95,0.95,0.95,0.95,0.95,0.95,0.95,0.95,0.95,0.95,0.95,1.01,1,0.99,0.98
"222",1,0.99,1,1,1,0.99,0.98,0.97,0.96,1.01,0.99,0.98,0.97,0.96,0.95,1.01,0.99,0.98,0.97,0.96,1.01,0.99,0.98,1.01,0.99,1.01,0.99,0.98,1.01,0.99,1.01,0.99,1,1,1.01,1,1.01,1.02
"223",1,1.01,0.99,0.98,0.97,0.96,0.95,0.95,0.95,1.01,0.99,0.98,0.97,0.96,0.95,0.95,0.95,0.95,0.95,0.95,1,0.99,0.98,1,0.99,1.01,0.99,0.98,0.97,0.96,1.01,1.02,1,1,1.01,1,1.01,1.02
"224",1,1,1,1,1,1,1,1,1,1,1,1,1,1,1,1,1,1,1,1,1,0.99,0.98,1,0.99,1.01,0.99,1.01,0.99,0.98,1.01,0.99,1,1,0.99,0.98,1.01,1.02
"225",1,0.99,1,1,0.99,0.98,0.97,0.96,0.95,0.95,0.95,0.95,0.95,0.95,0.95,1.01,0.99,0.98,0.97,0.96,1.01,0.99,0.98,0.97,0.96,0.95,0.95,0.95,0.95,0.95,0.95,0.95,0.95,0.95,0.95,0.95,0.95,0.95
"226",1,1,1,1,1,1,1,1,1,1,1,1,1,1,1,1,1,1,1,1,1,1,1,1,1,1,1,1,1,0.99,0.98,0.97,0.96,0.95,0.95,0.95,0.95,0.95
"227",1,1,1,1,1,1,1,1,1,1,1,1,1,1,1,1,1,1,1,1,1,1,1,1,1,1,1,1,1,1,1,1,1,1,1,1,1,1
"228",1,0.99,1,1,1,0.99,0.98,0.97,0.96,1.01,0.99,1.01,0.99,0.98,0.97,0.96,0.95,0.95,0.95,0.95,0.95,0.95,0.95,0.95,0.95,0.95,0.95,0.95,0.95,0.95,0.95,0.95,0.95,0.95,0.95,0.95,0.95,0.95
"229",1,1,1.01,1,1.01,1.02,1,1.01,0.99,0.98,0.97,0.96,0.95,0.95,0.95,1,1.01,0.99,0.98,1,1.01,1.02,0.99,1.01,1.02,0.99,0.98,0.97,0.96,1,1.01,1,1.01,1.02,1.03,1.04,1,1
"230",1,1,1,1,1,1,1,1,1,1,1,1,1,1,1,1,1,1,1,1,1,1,1,1,1,1,1,1,1,1,1,1,1,1,1,1,1,1
"231",1,0.99,1,1,1,0.99,0.98,0.97,0.96,0.95,0.95,0.95,0.95,0.95,0.95,0.95,0.95,0.95,0.95,0.95,0.95,0.95,0.95,0.95,0.95,0.95,0.95,0.95,0.95,0.95,0.95,0.95,0.95,0.95,0.95,0.95,0.95,0.95
"232",1,0.99,1,1,1.01,0.99,1,0.99,1,0.99,0.98,0.97,0.96,0.95,0.95,0.95,0.95,0.95,0.95,0.95,0.95,0.95,0.95,0.95,1.01,0.99,1.01,1.02,0.99,1,1.01,1,1.01,1.02,1.03,1.04,1,1.01
"233",1,1,1,1,1,1,1,1,1,1,1,1,1,1,1,1,1,1,1,1,1,1,1,1,1,1,1,1,1,1,1,1,1,1,1,1,1,1
"234",1,1,1.01,1.02,1,0.99,0.98,1.01,0.99,1.01,0.99,1,0.99,0.98,1.01,0.99,1.01,1.02,1,1.01,1.02,1.03,0.99,0.98,0.97,0.96,0.95,0.95,0.95,0.95,0.95,0.95,0.95,0.95,0.95,0.95,0.95,0.95
"235",1,1,1,1,1,1,1,1,1,1,1,1,1,1,1,1,1,1,1,1,1,1,1,1,1,1,1,1,1,1,1,1,1,1,1,1,1,1
"236",1,0.99,1,1,1,0.99,0.98,0.97,0.96,0.95,0.95,0.95,0.95,0.95,0.95,0.95,0.95,0.95,0.95,1.01,0.99,0.98,0.97,0.96,0.95,0.95,0.95,0.95,0.95,0.95,1.01,0.99,1.01,0.99,0.98,1.01,0.99,1
"237",1,1,1.01,0.99,1.01,1.02,1,1.01,0.99,1.01,1,1,0.99,0.98,1.01,1,1.01,1,0.99,0.98,1.01,1.02,0.99,0.98,0.97,0.96,1.01,0.99,0.98,1,1.01,1,1.01,1.02,1.03,1.04,1,1
"238",1,1,1,1,1,1,1,1,1,1,1,1,1,1,1,1,1,1,1,1,1,1,1,1,1,1,1,1,1,1,1,1,1,1,1,1,1,1
"239",1,1,0.99,1,0.99,0.98,0.97,0.96,1.01,1.02,1.03,0.99,0.98,0.97,0.96,0.95,0.95,1,0.99,0.98,0.97,1.01,1.02,1,0.99,0.98,1,1,0.99,1,1.01,1,0.99,0.98,0.97,0.96,0.95,0.95
"240",1,1,0.99,1,0.99,1,0.99,0.98,0.97,0.96,0.95,0.95,0.95,0.95,0.95,0.95,0.95,0.95,0.95,0.95,0.95,0.95,0.95,1,0.99,0.98,0.97,0.96,0.95,1,1.01,1.02,0.99,0.98,0.97,0.96,0.95,0.95
"241",1,1,0.99,0.98,1.01,0.99,0.98,1.01,1.02,1.03,1.04,0.99,0.98,0.97,0.96,1.01,0.99,1,0.99,0.98,0.97,1.01,0.99,0.98,1,0.99,0.98,0.97,0.96,0.95,1.01,1.02,0.99,1.01,0.99,0.98,0.97,0.96
"242",1,0.99,1,0.99,0.98,1,0.99,0.98,0.97,0.96,0.95,1.01,1,1,0.99,0.98,0.97,0.96,0.95,0.95,0.95,0.95,0.95,1,0.99,0.98,0.97,0.96,0.95,1.01,0.99,0.98,0.97,1.01,0.99,1,0.99,1.01
"243",1,0.99,1,0.99,1,0.99,0.98,0.97,0.96,0.95,0.95,0.95,0.95,1,1.01,0.99,0.98,1,0.99,0.98,0.97,1.01,1.02,0.99,0.98,0.97,0.96,0.95,0.95,0.95,0.95,0.95,0.95,0.95,0.95,1,0.99,0.98
"244",1,0.99,1,0.99,0.98,0.97,0.96,0.95,1.01,1.02,1.03,0.99,1,0.99,0.98,0.97,0.96,0.95,1,1.01,0.99,1.01,0.99,1.01,1,0.99,1,0.99,0.98,1,0.99,0.98,0.97,0.96,0.95,0.95,0.95,0.95
"245",1,1,1,1,1,1,1,1,1,1,1,1,1,1,1,1,1,1,1,1,1,1,1,1,1,1,1,1,1,1,1,1,1,1,1,1,1,1
"246",1,0.99,1,1,1,0.99,0.98,0.97,0.96,0.95,0.95,0.95,0.95,0.95,0.95,0.95,0.95,0.95,0.95,0.95,0.95,0.95,0.95,0.95,0.95,0.95,0.95,0.95,0.95,0.95,0.95,0.95,0.95,1.01,0.99,1,0.99,1
"247",1,1,1,1,1,1,1,1,1,1,1,1,1,1,1,1,1,1,1,0.99,0.98,0.97,0.96,0.95,0.95,0.95,0.95,0.95,0.95,0.95,0.95,0.95,0.95,0.95,0.95,0.95,0.95,0.95
"248",1,1,1,1,1,1,1,1,1,1,1,1,1,1,1,1,1,1,1,1,1,1,1,1,1,1,1,1,1,1,1,1,1,1,1,1,1,1
"249",1,1,0.99,0.98,0.97,1,0.99,0.98,1.01,1.02,1.03,0.99,1.01,1,0.99,1.01,0.99,0.98,1.01,0.99,0.98,1.01,0.99,0.98,0.97,0.96,0.95,0.95,0.95,0.95,0.95,0.95,0.95,1.01,0.99,0.98,0.97,0.96
"250",1,1,1,1,1,1,1,1,1,1,1,1,1,1,1,1,1,1,1,1,1,1,1,0.99,0.98,0.97,0.96,0.95,0.95,0.95,0.95,0.95,0.95,0.95,0.95,0.95,0.95,0.95
"251",1,1,1,1,1,1,1,1,1,1,1,1,1,1,1,1,1,1,1,1,1,1,1,1,1,1,1,1,1,1,1,1,1,1,1,1,1,1
"252",1,1.01,0.99,1.01,1,0.99,0.98,1,1,0.99,0.98,1,1.01,1,1,0.99,0.98,0.97,1,0.99,1,0.99,1.01,0.99,1.01,0.99,1.01,0.99,0.98,1.01,1.02,0.99,1,1,0.99,1,1.01,1
"253",1,1.01,0.99,1.01,0.99,0.98,1,0.99,0.98,0.97,0.96,1,1.01,0.99,1.01,1,0.99,0.98,1,1,0.99,0.98,0.97,0.96,0.95,1,1,0.99,0.98,1,1.01,0.99,0.98,0.97,0.96,1,0.99,1
"254",1,1,1,1,1,1,1,1,1,1,1,1,1,1,1,1,1,1,1,1,1,1,1,1,1,1,1,1,1,1,1,1,1,1,1,1,1,1
"255",1,1,1,1,1,1,1,1,1,1,1,1,1,1,1,1,1,1,1,1,1,1,1,1,1,1,1,1,1,1,1,1,1,1,1,1,1,1
"256",1,0.99,1,0.99,1,0.99,0.98,0.97,0.96,0.95,1,0.99,0.98,0.97,0.96,0.95,0.95,0.95,1.01,0.99,0.98,0.97,0.96,0.95,0.95,1.01,0.99,0.98,0.97,0.96,0.95,0.95,0.95,0.95,1.01,0.99,1.01,1.02
"257",1,1,1,1,1,1,1,1,1,1,1,1,1,1,1,1,1,1,1,1,1,1,1,1,1,1,1,1,1,1,1,1,1,1,1,1,1,1
"258",1,1,1,1,1,1,1,1,1,1,1,1,1,1,1,1,1,1,1,1,1,1,1,1,1,1,1,1,1,1,1,1,1,1,1,1,1,1
"259",1,1.01,1.02,1.03,1,0.99,1,1,1,1.01,0.99,1,1.01,1.02,0.99,0.98,1,0.99,1,1,1.01,0.99,1.01,1,1.01,1.02,1.03,0.99,0.98,1,1.01,0.99,0.98,1,0.99,1,0.99,1.01
"260",1,1,1,1,1,1,1,1,1,1,1,1,1,1,1,1,1,1,1,1,1,1,1,1,1,1,1,1,1,1,1,1,1,1,1,1,1,1
"261",1,0.99,1,1,1,0.99,0.98,1,1,0.99,0.98,1,1.01,1,1,1,1,0.99,1,0.99,1.01,0.99,1.01,1,1.01,0.99,0.98,1,0.99,1,1.01,0.99,1,0.99,0.98,0.97,0.96,1.01
"262",1,0.99,1,1,1,0.99,0.98,0.97,0.96,0.95,0.95,0.95,0.95,0.95,0.95,0.95,0.95,0.95,0.95,0.95,0.95,0.95,0.95,0.95,0.95,0.95,0.95,0.95,0.95,0.95,0.95,0.95,0.95,0.95,0.95,0.95,0.95,0.95
"263",1,0.99,1,1,1,0.99,0.98,0.97,0.96,0.95,0.95,0.95,0.95,0.95,0.95,0.95,0.95,0.95,0.95,0.95,0.95,0.95,0.95,0.95,0.95,0.95,0.95,0.95,0.95,0.95,0.95,0.95,0.95,0.95,0.95,0.95,0.95,0.95
"264",1,0.99,1.01,0.99,0.98,0.97,0.96,0.95,0.95,0.95,0.95,0.95,0.95,0.95,0.95,0.95,0.95,0.95,0.95,0.95,0.95,0.95,1,0.99,0.98,0.97,0.96,0.95,1,0.99,0.98,0.97,1.01,0.99,0.98,0.97,1.01,0.99
"265",1,1.01,1.02,0.99,0.98,0.97,0.96,1,0.99,0.98,0.97,1,0.99,1,0.99,0.98,0.97,0.96,0.95,0.95,0.95,1.01,0.99,0.98,0.97,0.96,0.95,0.95,0.95,0.95,0.95,0.95,1.01,1.02,1.03,1.04,1.05,0.99
"266",1,0.99,1,1,1,0.99,0.98,0.97,1.01,0.99,0.98,1,0.99,0.98,0.97,0.96,1.01,1.02,1,1,0.99,1.01,1,0.99,0.98,0.97,1,0.99,0.98,0.97,1.01,0.99,0.98,0.97,0.96,0.95,1.01,0.99
"267",1,0.99,0.98,1,0.99,1.01,1.02,1.03,1,1,0.99,0.98,1.01,1.02,0.99,1.01,1.02,0.99,0.98,0.97,0.96,0.95,0.95,0.95,1,0.99,1,0.99,0.98,0.97,0.96,0.95,1.01,0.99,1.01,1.02,1.03,0.99
"268",1,0.99,1.01,1,0.99,0.98,0.97,0.96,0.95,0.95,0.95,0.95,0.95,0.95,0.95,0.95,0.95,0.95,0.95,0.95,0.95,0.95,0.95,0.95,0.95,0.95,0.95,0.95,0.95,0.95,0.95,0.95,1.01,0.99,1.01,0.99,0.98,0.97
"269",1,0.99,1,0.99,1,0.99,0.98,1,1.01,1.02,0.99,1,0.99,1,0.99,0.98,1.01,1.02,1,0.99,0.98,0.97,1,0.99,0.98,0.97,0.96,0.95,0.95,0.95,0.95,0.95,0.95,0.95,0.95,0.95,0.95,0.95
"270",1,0.99,1,1,1,0.99,0.98,0.97,0.96,0.95,0.95,0.95,0.95,0.95,0.95,0.95,0.95,0.95,0.95,0.95,0.95,0.95,0.95,0.95,0.95,0.95,0.95,0.95,0.95,0.95,0.95,0.95,0.95,0.95,0.95,0.95,0.95,0.95
"271",1,0.99,1.01,0.99,0.98,0.97,0.96,1.01,1.02,1.03,0.99,0.98,1.01,0.99,0.98,0.97,1.01,1.02,1.03,1,0.99,1.01,1,0.99,0.98,0.97,1,0.99,0.98,0.97,0.96,0.95,0.95,0.95,1.01,1.02,1.03,0.99
"272",1,1,1,1,1,1,1,1,1,1,1,1,1,1,1,1,1,1,0.99,0.98,0.97,0.96,0.95,0.95,0.95,0.95,0.95,0.95,0.95,0.95,0.95,0.95,0.95,0.95,0.95,0.95,0.95,0.95
"273",1,0.99,0.98,1,0.99,0.98,0.97,0.96,0.95,0.95,0.95,1,0.99,0.98,0.97,0.96,1.01,0.99,0.98,1,0.99,0.98,0.97,0.96,0.95,0.95,0.95,0.95,0.95,0.95,0.95,0.95,0.95,0.95,1.01,0.99,1,1
"274",1,1.01,1,1.01,1.02,1,1,1,1,0.99,0.98,0.97,0.96,0.95,0.95,0.95,0.95,0.95,0.95,0.95,0.95,0.95,0.95,0.95,0.95,0.95,0.95,0.95,0.95,0.95,0.95,0.95,0.95,0.95,0.95,0.95,0.95,0.95
"275",1,0.99,1,1,1,1,0.99,0.98,0.97,1,1,1,1,0.99,0.98,1,1.01,1,1,0.99,0.98,0.97,0.96,1,1,1,0.99,0.98,0.97,0.96,0.95,0.95,0.95,0.95,1,0.99,1,1
"276",1,1,1,0.99,1,1,0.99,0.98,0.97,1,1,0.99,1,1,0.99,0.98,0.97,0.96,0.95,1,0.99,0.98,0.97,0.96,0.95,0.95,0.95,0.95,0.95,0.95,0.95,1,0.99,0.98,0.97,0.96,0.95,0.95
"277",1,1,1,1,0.99,1.01,1,1,1,1,1,1,0.99,0.98,0.97,1.01,0.99,1,1,1.01,1,1.01,1,1.01,1,1,0.99,1,0.99,0.98,0.97,0.96,0.95,0.95,0.95,0.95,0.95,0.95
"278",1,1,1,1,1,1,1,1,1,0.99,0.98,0.97,0.96,0.95,0.95,0.95,0.95,0.95,0.95,0.95,0.95,0.95,0.95,0.95,0.95,0.95,0.95,0.95,0.95,0.95,0.95,0.95,0.95,0.95,0.95,0.95,0.95,0.95
"279",1,0.99,0.98,0.97,0.96,0.95,0.95,0.95,0.95,0.95,0.95,0.95,0.95,0.95,1,1.01,0.99,0.98,1.01,1,1,1,1,1,1.01,1,0.99,0.98,0.97,0.96,1,0.99,1.01,0.99,1,0.99,1,1
"280",1,1,1,1,1,1,1,1,1,1,1,1,1,1,1,1,1,1,1,1,1,1,1,1,1,1,1,1,1,1,1,1,1,1,1,1,1,1
"281",1,0.99,0.98,1.01,1,1,1.01,1,1.01,1,1.01,1.02,1,1,1.01,1.02,1,1,1.01,0.99,0.98,1.01,1.02,1,1,1,0.99,0.98,0.97,0.96,1.01,1.02,1,1.01,1,1,1.01,1.02
"282",1,1,1,1,1,0.99,0.98,0.97,0.96,0.95,1,0.99,0.98,0.97,0.96,0.95,0.95,0.95,0.95,0.95,0.95,1,1,0.99,0.98,0.97,0.96,0.95,0.95,1,0.99,0.98,0.97,1.01,0.99,1,1.01,1.02
"283",1,0.99,0.98,0.97,0.96,1,1,0.99,1,1,1,1,1,0.99,0.98,0.97,1,1.01,0.99,1,0.99,1,1,1,1.01,0.99,1,0.99,1,0.99,0.98,1,1,0.99,0.98,0.97,0.96,0.95
"284",1,0.99,1,1,1,1.01,0.99,1,0.99,0.98,0.97,1,0.99,1,1,1,1,1,1,1,1.01,1,0.99,0.98,0.97,0.96,0.95,0.95,0.95,1.01,0.99,1,1,1.01,1,1,1.01,1.02
"285",1,1,1,1,1,1,1,1,1,1,1,1,1,1,1,1,1,1,1,1,1,1,1,1,1,1,1,1,1,1,1,1,1,1,1,1,1,1
"286",1,1,1,1,1,1,1,1,1,1,1,1,1,1,1,1,1,1,1,1,1,1,1,1,1,1,1,1,1,1,1,1,1,1,1,1,1,1
"287",1,1,1,1,1,1,1,1,1,1,1,1,1,1,1,1,1,1,1,1,1,1,1,1,1,1,1,1,1,1,1,1,1,1,1,1,1,1
"288",1,1,1,1,1,1,1,1,1,1,1,1,1,1,1,1,1,1,1,1,1,1,1,1,1,1,1,1,1,1,1,1,1,1,1,1,1,1
"289",1,1,1,1,1,1,1,1,1,1,1,1,1,1,1,1,1,1,1,1,1,1,1,1,1,1,1,1,1,1,1,1,1,1,1,1,1,1
"290",1,1,1,1,1,1,1,1,1,1,1,1,1,1,1,1,1,1,1,1,1,1,1,1,1,1,1,1,1,1,1,1,1,1,1,1,1,1
"291",1,1,1,1,1,1,1,1,1,1,1,1,1,1,1,1,1,1,1,1,1,1,1,1,1,1,1,1,1,1,1,1,1,1,1,1,1,1
"292",1,1,1,1,1,1,1,1,1,1,1,1,1,1,1,1,1,1,1,1,1,1,1,1,1,1,1,1,1,1,1,1,1,1,1,1,1,1
"293",1,1,1,1,1,1,1,1,1,1,1,1,1,1,1,1,1,1,1,1,1,1,1,1,1,1,1,1,1,1,1,1,1,1,1,1,1,1
"294",1,1,1,1,1,1,1,1,1,1,1,1,1,1,1,1,1,1,1,1,1,1,1,1,1,1,1,1,1,1,1,1,1,1,1,1,1,1
"295",1,1,1,1,1,1,1,1,1,1,1,1,1,1,1,1,1,1,1,1,1,1,1,1,1,1,1,1,1,1,1,1,1,1,1,1,1,1
"296",1,1,1,1,1,1,1,1,1,1,1,1,1,1,1,1,1,1,1,1,1,1,1,1,1,1,1,1,1,1,1,1,1,1,1,1,1,1
"297",1,1,1,1,1,1,1,1,1,1,1,1,1,1,1,1,1,1,1,1,1,1,1,1,1,1,1,1,1,1,1,1,1,1,1,1,1,1
"298",1,1,0.99,1.01,1,1,1.01,1,1,1,1,0.99,1,0.99,1,0.99,1,1,1,1,0.99,1,0.99,0.98,1.01,0.99,1,0.99,1,0.99,0.98,1.01,0.99,1,1.01,1,0.99,1
"299",1,1,1,1,1,1,1,1,1,1,1,1,1,1,1,1,1,1,1,1,1,1,1,1,1,1,1,1,1,1,1,1,1,1,1,1,1,1
"300",1,0.99,1,1,1,0.99,0.98,0.97,0.96,0.95,0.95,0.95,0.95,0.95,1.01,1,0.99,0.98,0.97,1.01,1.02,1,1,1,1.01,0.99,1.01,1,1,1,1,0.99,1,0.99,1.01,1.02,0.99,1
"301",1,0.99,0.98,0.97,0.96,0.95,0.95,0.95,1.01,1,0.99,1.01,1,0.99,1,0.99,0.98,0.97,1,0.99,1,0.99,0.98,0.97,0.96,0.95,0.95,0.95,0.95,1,1,0.99,0.98,0.97,0.96,0.95,0.95,0.95
"302",1,0.99,1,1,0.99,0.98,0.97,0.96,0.95,0.95,0.95,0.95,0.95,0.95,0.95,0.95,0.95,0.95,0.95,0.95,0.95,0.95,0.95,0.95,0.95,0.95,0.95,0.95,0.95,0.95,0.95,0.95,0.95,0.95,0.95,0.95,0.95,0.95
"303",1,0.99,1,1,1,0.99,0.98,0.97,0.96,0.95,0.95,0.95,0.95,0.95,0.95,0.95,0.95,0.95,0.95,0.95,0.95,0.95,0.95,0.95,0.95,0.95,0.95,0.95,0.95,0.95,0.95,0.95,0.95,0.95,0.95,0.95,0.95,0.95
"304",1,1,1,0.99,1,0.99,1,1,1,0.99,0.98,0.97,0.96,0.95,0.95,0.95,0.95,0.95,0.95,0.95,0.95,0.95,0.95,0.95,0.95,1,0.99,0.98,0.97,0.96,0.95,1,0.99,0.98,0.97,0.96,0.95,0.95
"305",1,1,1,1,1,0.99,0.98,0.97,0.96,0.95,0.95,0.95,0.95,0.95,0.95,0.95,0.95,0.95,0.95,0.95,0.95,0.95,0.95,0.95,0.95,0.95,0.95,0.95,0.95,0.95,0.95,0.95,0.95,0.95,1,1,1,1.01
"306",1,1,1,1,1,1,1,1,1,1,1,1,1,1,1,1,1,1,1,1,1,1,1,1,1,1,1,1,1,1,1,1,1,1,1,1,1,1
"307",1,0.99,1,1,1,0.99,0.98,0.97,0.96,0.95,0.95,0.95,0.95,0.95,0.95,1,1.01,0.99,0.98,0.97,0.96,0.95,0.95,0.95,1,0.99,1,1,0.99,1,1,1,1,1,1.01,1,1,1
"308",1,0.99,1,1,1,1,1.01,1,1.01,0.99,0.98,1,1.01,1,0.99,0.98,0.97,0.96,0.95,1.01,1.02,1.03,1,1,0.99,0.98,0.97,0.96,0.95,0.95,0.95,0.95,0.95,1,0.99,0.98,1.01,1.02
"309",1,1,1,1,1,1,1,1,1,0.99,1,0.99,0.98,0.97,0.96,0.95,0.95,0.95,1,1,0.99,1,1.01,1,1,1,1,0.99,0.98,1,0.99,0.98,0.97,0.96,0.95,0.95,0.95,0.95
"310",1,1,1,1,1,1,1,1,1,1,1,1,1,1,1,1,1,1,1,1,1,1,1,1,1,1,1,1,1,1,1,1,1,1,1,1,1,1
"311",1,1,1,0.99,0.98,0.97,0.96,0.95,0.95,1.01,1,1,1,0.99,1,0.99,1,1,1,1.01,1,0.99,0.98,0.97,1,0.99,0.98,0.97,1,1,1,0.99,0.98,0.97,0.96,1,1,1
"312",1,1,1,1,1,1,1,1,1,1,1,1,1,1,1,1,1,1,1,1,1,1,1,0.99,0.98,1.01,1.02,1.03,0.99,0.98,0.97,0.96,1,1,1,0.99,1,0.99
"313",1,1,1,1,1,1,1,0.99,1,0.99,0.98,0.97,1,1,1,0.99,0.98,0.97,1,0.99,1,0.99,1,0.99,0.98,1,1,0.99,1,0.99,1,1,1,0.99,0.98,0.97,0.96,0.95
"314",1,0.99,1,0.99,1.01,1,1.01,1,0.99,0.98,0.97,1,0.99,1,0.99,0.98,0.97,0.96,0.95,1,0.99,1,1,0.99,0.98,0.97,0.96,0.95,0.95,0.95,0.95,0.95,0.95,0.95,0.95,0.95,0.95,0.95
"315",1,0.99,0.98,0.97,1,0.99,1,1,1,1.01,1,1.01,1,0.99,0.98,0.97,0.96,0.95,0.95,0.95,0.95,0.95,0.95,0.95,0.95,0.95,0.95,0.95,0.95,0.95,0.95,0.95,0.95,0.95,0.95,0.95,0.95,1
"316",1,0.99,1,1,0.99,1,1.01,1,1,0.99,1,1,1,1,0.99,1.01,0.99,1,1,0.99,0.98,1,1,1,0.99,0.98,0.97,1,1,1,1,1.01,1,1,0.99,1,1,1
"317",1,0.99,1,1,1,0.99,0.98,0.97,0.96,0.95,0.95,0.95,1,1,0.99,1,1,1,1,0.99,1,0.99,0.98,0.97,0.96,0.95,0.95,0.95,0.95,0.95,0.95,0.95,0.95,0.95,0.95,0.95,0.95,0.95
"318",1,1,1,1,1.01,1,1,1,0.99,1,1,0.99,1,1.01,1,1,1,1,1,1,0.99,1,0.99,0.98,0.97,0.96,0.95,0.95,0.95,0.95,0.95,0.95,0.95,0.95,0.95,0.95,0.95,0.95
"319",1,1,1,1,1,1,1,0.99,0.98,0.97,0.96,0.95,0.95,0.95,0.95,0.95,0.95,0.95,0.95,0.95,0.95,0.95,0.95,0.95,0.95,0.95,0.95,0.95,0.95,0.95,0.95,0.95,0.95,0.95,0.95,0.95,0.95,1
"320",1,0.99,0.98,0.97,1,0.99,0.98,0.97,0.96,0.95,0.95,0.95,0.95,0.95,0.95,0.95,0.95,0.95,0.95,0.95,0.95,0.95,0.95,0.95,0.95,0.95,0.95,0.95,0.95,0.95,0.95,0.95,0.95,0.95,0.95,0.95,0.95,0.95
"321",1,0.99,1,1,1,0.99,0.98,0.97,0.96,0.95,0.95,0.95,0.95,0.95,0.95,0.95,0.95,0.95,0.95,0.95,0.95,0.95,0.95,0.95,0.95,0.95,0.95,0.95,0.95,0.95,0.95,0.95,0.95,0.95,0.95,0.95,0.95,0.95
"322",1,0.99,0.98,0.97,1,1,0.99,1,0.99,0.98,0.97,1.01,0.99,1,1.01,0.99,1,1,1.01,0.99,1,0.99,0.98,0.97,0.96,0.95,0.95,1,0.99,1.01,0.99,0.98,1.01,1,0.99,0.98,0.97,0.96
"323",1,1,1,1,1,1,1,1,1,1,1,1,1,1,1,1,1,1,1,1,1,1,1,0.99,0.98,0.97,0.96,0.95,0.95,0.95,0.95,0.95,0.95,0.95,0.95,1,1,1
"324",1,1,1,1,1,1,1,1,1,1,1,1,1,1,1,1,1,1,1,1,1,1,1,1,1,1,1,1,1,1,1,1,1,1,1,1,1,1
"325",1,1,1,1,1,1,1,1,1,1,1,1,1,1,1,1,1,1,1,1,1,1,1,1,1,1,1,1,1,1,1,1,1,1,1,1,1,1
"326",1,1.01,1.02,1,0.99,1,1,1,0.99,1,1.01,1,0.99,1,0.99,0.98,1.01,0.99,1,1.01,1,1.01,1,1,1.01,1,1,1.01,1.02,1,0.99,1,1.01,1,1,1,0.99,1.01
"327",1,1,1,1,1,1,1,1,1,1,1,1,1,1,1,1,1,1,1,1,1,1,1,1,1,1,1,1,1,1,1,1,1,1,1,1,1,1
"328",1,1,1,1.01,1,1,1,1,1,1,1,1,0.99,0.98,0.97,0.96,0.95,0.95,0.95,1,0.99,1,1,1,0.99,1,1.01,0.99,0.98,0.97,1,1,1,0.99,1,1,1,0.99
"329",1,0.99,1,1,0.99,0.98,0.97,0.96,0.95,0.95,0.95,0.95,0.95,0.95,1,1,1.01,0.99,1.01,1.02,0.99,0.98,1,0.99,1.01,0.99,1.01,1,0.99,0.98,1.01,1,0.99,0.98,1,1,1.01,1.02
"330",1,1.01,0.99,1.01,0.99,1,1,1,1.01,1.02,1.03,1.04,1,1,1.01,1,0.99,1,1.01,1.02,1,1.01,1,1.01,1.02,1,1.01,1.02,0.99,0.98,1.01,1.02,1.03,1,1.01,1.02,1,1.01
"331",1,1,1,1,1,1,1,1,1,1,1,1,1,1,1,1,1,1,1,1,1,1,1,1,1,1,1,1,1,1,1,1,1,1,1,1,1,1
"332",1,0.99,1,1,1,1,1,1,1,1.01,1,1,1,1,0.99,1,1,1,0.99,1,1,1,1,1,1,1,1,1,0.99,1,1,0.99,1,1,0.99,1,0.99,1
"333",1,1,1,1,1,1,1,1,1,1,1,1,1,1,1,1,1,1,1,1,1,1,1,1,1,1,1,1,1,1,1,1,1,1,1,1,1,1
"334",1,1,1,1,1,1,1,1,1,1,1,1,1,1,1,1,1,1,1,1,1,1,1,1,1,1,1,1,1,1,1,1,1,1,1,1,1,1
"335",1,0.99,1,1,1,0.99,0.98,0.97,1.01,1.02,1,1.01,1,1.01,0.99,1,1,0.99,1.01,0.99,0.98,1.01,1,0.99,1,1.01,1.02,1.03,0.99,1,1,1,0.99,1,1,1.01,1,1
"336",1,1,1,1,1,1,1,1,1,1,1,1,1,1,1,1,1,1,1,1,1,1,1,1,1,1,1,1,1,1,1,1,1,1,1,1,1,1
"337",1,1,1,1.01,0.99,0.98,1,1.01,0.99,0.98,0.97,0.96,0.95,0.95,1.01,0.99,1.01,1,1,1.01,0.99,1.01,0.99,0.98,0.97,0.96,0.95,0.95,0.95,1.01,0.99,0.98,0.97,0.96,0.95,1.01,0.99,1.01
"338",1,0.99,0.98,0.97,1,0.99,0.98,0.97,0.96,1.01,0.99,1,1,0.99,0.98,0.97,1,1,1.01,1,1,1,1,1,0.99,0.98,1.01,1.02,0.99,1.01,1,0.99,1.01,1.02,1.03,0.99,0.98,1
"339",1,0.99,1,1,1,0.99,0.98,0.97,0.96,0.95,0.95,0.95,0.95,0.95,0.95,0.95,0.95,0.95,0.95,0.95,0.95,0.95,0.95,0.95,0.95,0.95,0.95,0.95,0.95,0.95,0.95,0.95,0.95,0.95,0.95,0.95,0.95,0.95
"340",1,1,1,0.99,0.98,0.97,1,0.99,0.98,0.97,1,0.99,0.98,0.97,0.96,0.95,1,0.99,0.98,0.97,0.96,0.95,0.95,0.95,0.95,0.95,0.95,0.95,0.95,0.95,0.95,0.95,0.95,0.95,0.95,0.95,0.95,0.95
"341",1,0.99,1,1,1,0.99,0.98,0.97,0.96,0.95,0.95,0.95,0.95,0.95,0.95,0.95,0.95,0.95,0.95,0.95,0.95,0.95,0.95,0.95,0.95,0.95,0.95,0.95,0.95,0.95,0.95,0.95,0.95,0.95,0.95,0.95,0.95,0.95
"342",1,1,1,1,1,1,1,1,1,1,1,1,1,1,1,1,1,1,1,1,1,1,1,1,1,1,1,1,1,1,1,1,1,1,1,1,1,1
"343",1,1,1,1,1,1,1,1,1,1,1,1,1,1,1,1,1,1,1,1,1,1,1,1,1,1,1,1,1,1,1,1,1,1,1,1,1,1
"344",1,0.99,1,1,1,1.01,1.02,1,1,1,1.01,0.99,1,1.01,1,0.99,1.01,1,0.99,0.98,0.97,1,1,1,1,1,0.99,0.98,0.97,0.96,0.95,0.95,0.95,0.95,1,1,1,1
"345",1,1,1,1,1,1,1,1,1,1,1,1,1,1,1,1,1,1,1,1,1,1,1,0.99,0.98,1,1,1,0.99,1,0.99,1,1.01,1,1,1,0.99,1.01
"346",1,0.99,0.98,1,1,0.99,0.98,0.97,0.96,0.95,0.95,0.95,0.95,0.95,0.95,0.95,0.95,0.95,0.95,0.95,0.95,0.95,0.95,0.95,0.95,0.95,0.95,0.95,0.95,0.95,0.95,0.95,0.95,0.95,0.95,0.95,0.95,0.95
"347",1,1,1,1,1,1.01,0.99,0.98,1,0.99,0.98,0.97,1,0.99,1.01,0.99,0.98,1,0.99,1,1,1,1,1,0.99,0.98,1,1,0.99,1,1,1,1,1,1.01,1,1,1.01
"348",1,1,1,1,1,1,1,1,1,1,1,1,1,1,1,1,1,1,1,1,1,1,1,1,1,1,1,1,1,1,1,1,1,1,1,1,1,1
"349",1,0.99,1,1,1,0.99,0.98,0.97,0.96,0.95,0.95,0.95,0.95,0.95,0.95,0.95,0.95,0.95,0.95,0.95,0.95,0.95,0.95,0.95,0.95,0.95,0.95,0.95,0.95,0.95,0.95,0.95,0.95,0.95,0.95,0.95,0.95,0.95
"350",1,1,0.99,1,1,1.01,1,0.99,1,1,0.99,1.01,0.99,0.98,1,0.99,0.98,0.97,1.01,1,0.99,1,0.99,1,0.99,1,1,1.01,0.99,1,0.99,1.01,1.02,1.03,1,1,0.99,1
"351",1,1,1,1,1,1,1,1,1,1,1,1,1,1,1,1,0.99,0.98,0.97,0.96,0.95,0.95,0.95,0.95,0.95,0.95,0.95,0.95,0.95,0.95,0.95,0.95,0.95,0.95,0.95,0.95,0.95,0.95
"352",1,0.99,0.98,0.97,1.01,1,0.99,1,1,1.01,1.02,1.03,1.04,1.05,1,1.01,1,1,0.99,1,1.01,0.99,0.98,1,0.99,0.98,1,1.01,0.99,1,1.01,1,1.01,1,1,0.99,1,1.01
"353",1,1,1,1,1,1,1,1,1,1,1,1,1,1,1,1,1,1,1,1,1,1,1,1,1,1,1,1,1,1,1,1,1,1,1,1,1,1
"354",1,0.99,1,1,1,0.99,0.98,0.97,0.96,0.95,0.95,0.95,0.95,0.95,0.95,0.95,0.95,0.95,0.95,0.95,0.95,0.95,0.95,0.95,0.95,0.95,0.95,0.95,0.95,0.95,0.95,0.95,0.95,0.95,0.95,0.95,0.95,0.95
"355",1,0.99,0.98,1,1.01,1.02,1,0.99,1.01,1.02,1.03,0.99,1,1,1,0.99,0.98,0.97,0.96,0.95,0.95,0.95,0.95,0.95,0.95,0.95,0.95,0.95,0.95,0.95,0.95,0.95,0.95,0.95,0.95,0.95,0.95,0.95
"356",1,0.99,1,0.99,0.98,0.97,0.96,0.95,0.95,0.95,0.95,0.95,0.95,0.95,0.95,0.95,0.95,0.95,0.95,0.95,1.01,1.02,1.03,1,0.99,1,1,1,1,1.01,0.99,0.98,1.01,1,0.99,1,1,1
"357",1,1,1,1,1.01,1,0.99,0.98,1,0.99,1,0.99,1.01,1,1.01,1,1,0.99,1,1,1,0.99,0.98,0.97,0.96,1,1.01,0.99,0.98,1,1,0.99,1,0.99,0.98,0.97,1,1
"358",1,1,1,1,1,1,1,1,1,1,1,1,1,1,1,1,1,1,1,1,1,1,1,1,1,1,1,1,1,1,1,1,1,1,1,1,1,1
"359",1,1,1,1,1,1,1,1,1,1,1,1,1,1,1,1,1,1,1,1,0.99,1.01,0.99,0.98,1,1,0.99,0.98,0.97,0.96,0.95,0.95,0.95,0.95,0.95,0.95,0.95,0.95
"360",1,1,0.99,1,1,0.99,0.98,0.97,0.96,0.95,0.95,0.95,0.95,0.95,0.95,1,0.99,0.98,0.97,0.96,0.95,0.95,0.95,0.95,1.01,0.99,0.98,0.97,0.96,0.95,0.95,0.95,0.95,0.95,0.95,0.95,0.95,0.95
"361",1,1,1.01,1,1.01,1,0.99,0.98,0.97,1,1,0.99,0.98,0.97,1,1,0.99,0.98,1.01,1.02,1,1.01,1,1,0.99,0.98,1,1,1.01,0.99,0.98,1,1.01,1,1,0.99,1,1
"362",1,0.99,1,1,1,0.99,0.98,0.97,0.96,0.95,0.95,0.95,0.95,0.95,0.95,0.95,0.95,0.95,0.95,0.95,0.95,0.95,0.95,1,0.99,1,1,1,1.01,0.99,0.98,0.97,1,1,1,0.99,0.98,1
"363",1,0.99,1,0.99,1.01,1,1.01,1,1.01,1,1.01,1.02,1.03,1.04,1,1.01,1,1,1,1,1.01,1,1.01,1.02,1.03,1.04,1.05,1.05,1.05,1,1,1,1,1,1.01,1.02,1,1.01
"364",1,1,1,1,1,1,1,1,1,1,1,1,1,1,1,1,1,1,1,1,1,1,1,1,1,1,1,1,1,1,1,1,1,1,1,1,1,1
"365",1,1.01,1,1.01,1,1.01,1.02,1.03,1.04,1,0.99,1,1,1.01,1,1.01,1,1.01,0.99,0.98,0.97,0.96,0.95,0.95,1,1,0.99,0.98,0.97,1,1.01,1.02,1,0.99,1,0.99,0.98,1
"366",1,1,1,1,1,1,1,1,1,1,1,1,1,1,1,1,1,1,1,1,1,1,1,1,1,1,1,1,1,1,1,1,1,1,1,1,1,1
"367",1,1,1,1,1,1,1,1,1,1,1,1,1,1,1,1,1,1,1,1,1,1,1,1,1,1,1,1,1,1,1,1,1,1,1,1,1,1
"368",1,1,1,1,1,1,1,1,1,1,1,1,1,1,1,1,1,1,1,1,1,1,1,1,1,1,1,1,1,1,1,1,1,1,1,1,1,1
"369",1,1,1,1,1,1,1,1,1,1,1,1,1,1,1,1,1,1,1,1,1,1,1,1,1,1,1,1,1,1,1,1,1,1,1,1,1,1
"370",1,1,1,1,1,1,1,1,1,1,1,1,1,1,1,1,1,1,1,1,1,1,1,1,1,1,1,1,1,1,1,1,1,1,1,1,1,1
"371",1,1,1,1,1,1,1,1,1,1,1,1,1,1,1,1,1,1,1,1,1,1,1,1,1,1,1,1,1,1,1,1,1,1,1,1,1,1
"372",1,1,1,1,1,1,1,1,1,1,1,1,1,1,1,1,1,1,1,1,1,1,1,1,1,1,1,1,1,1,1,1,1,1,1,1,1,1
"373",1,1,1,1,1,1,1,1,1,1,1,1,1,1,1,1,1,1,1,1,1,1,1,1,1,1,1,1,1,1,1,1,1,1,1,1,1,1
"374",1,0.99,1,1,1,0.99,0.98,0.97,0.96,0.95,0.95,0.95,0.95,0.95,0.95,0.95,0.95,0.95,0.95,0.95,0.95,0.95,0.95,0.95,0.95,0.95,0.95,0.95,0.95,0.95,0.95,0.95,0.95,0.95,0.95,0.95,0.95,0.95
"375",1,1,1,1,1,1,1,1,1,1,1,1,1,1,1,1,1,1,1,1,1,1,1,1,1,1,1,1,1,1,1,1,1,1,1,1,1,1
"376",1,1,1,1,1,1,1,1,1,1,1,1,1,1,1,1,1,1,1,1,1,1,1,1,1,1,1,1,1,1,1,1,1,1,1,1,1,1
"377",1,1,1,1,1,1,1,1,1,1,1,1,1,1,1,1,1,1,1,1,1,1,1,1,1,1,1,1,1,1,1,1,1,1,1,1,1,1
"378",1,1,1,1,1,1,1,1,1,1,1,1,1,1,1,1,1,1,1,1,1,1,1,1,1,1,1,1,1,1,1,1,1,1,1,1,1,1
"379",1,1,1,1,1,1,1,1,1,1,1,1,1,1,1,1,1,1,1,1,1,1,1,1,1,1,1,1,1,1,1,1,1,1,1,1,1,1
"380",1,0.99,1,1,1,1,1,1,1,0.99,0.98,0.97,1,0.99,1,1,1,0.99,1,1.01,0.99,1,0.99,1,0.99,0.98,1.01,1,0.99,1.01,0.99,1.01,1.02,1,1,1,1.01,1.02
"381",1,0.99,1,1,0.99,1,1.01,1,1,0.99,0.98,0.97,1,0.99,1,1,1,1.01,1,1,1,0.99,0.98,0.97,0.96,0.95,0.95,0.95,0.95,0.95,0.95,0.95,1,0.99,0.98,0.97,0.96,1
"382",1,1,1,1,1,1,1,1,1,1,1,1,1,1,1,1,1,1,1,1,1,1,1,1,1,1,1,1,1,1,1,1,1,1,1,1,1,1
"383",1,1,1,1,1,0.99,1.01,0.99,0.98,0.97,0.96,0.95,0.95,0.95,1,0.99,0.98,1,1,1,0.99,0.98,1,1,0.99,1,0.99,0.98,0.97,0.96,1,1,1.01,0.99,0.98,0.97,0.96,0.95
"384",1,1,1,1,1,1,1,1,1,1,1,1,1,1,1,1,1,1,1,1,1,1,1,1,1,1,1,1,1,1,1,1,1,1,1,1,1,1
"385",1,1,1,1,1,1,1,1,1,1,1,1,1,1,1,1,1,1,1,1,1,1,1,1,1,1,1,1,1,1,1,1,1,1,1,1,1,1
"386",1,1.01,1,1,1,1.01,0.99,1,0.99,1,0.99,1.01,1.02,1.03,1,1,1,1,0.99,1,1,0.99,0.98,1,1,1,1,1.01,0.99,1.01,1,1,0.99,1.01,1,1,1.01,1
"387",1,0.99,0.98,1,1,0.99,0.98,0.97,0.96,0.95,0.95,0.95,0.95,0.95,0.95,0.95,0.95,0.95,0.95,0.95,1,1,0.99,0.98,0.97,0.96,0.95,0.95,0.95,0.95,0.95,0.95,0.95,0.95,0.95,0.95,0.95,0.95
"388",1,1,0.99,0.98,0.97,0.96,0.95,0.95,1,1.01,1.02,1,0.99,0.98,0.97,0.96,0.95,0.95,0.95,0.95,0.95,1,0.99,0.98,0.97,0.96,0.95,0.95,0.95,0.95,0.95,0.95,0.95,0.95,0.95,0.95,0.95,0.95
"389",1,1,1,1,1,1,1,1,1,1,1,1,1,1,1,1,1,1,1,1,0.99,1,1,1,1,1,1,1.01,0.99,1.01,1.02,1,0.99,1,1,1,1.01,1.02
"390",1,1,1,1,1,1,1,1,1,1,1,1,1,1,1,1,1,1,1,1,1,1,1,1,1,1,1,1,1,1,1,1,1,1,1,1,1,1
"391",1,1,1,1,1,1,1,1,1,1,1,1,1,1,1,1,1,1,1,1,1,1,1,1,1,1,1,1,1,1,1,1,1,1,1,1,1,1
"392",1,0.99,1,1,1,0.99,0.98,0.97,1,1,1.01,1.02,1,1,1.01,0.99,0.98,0.97,0.96,1,1,1,1,1,1,0.99,1.01,0.99,1.01,1,0.99,1,1,1,1,1.01,1,1
"393",1,1.01,1,1,1,0.99,0.98,0.97,0.96,0.95,1.01,0.99,1,1,1.01,1.02,1,0.99,0.98,0.97,1,0.99,0.98,1,1,1,0.99,1,0.99,1,0.99,1,0.99,0.98,0.97,1,1.01,0.99
"394",1,1.01,1,1,0.99,1.01,1.02,1,1,1.01,1.02,1.03,1,0.99,0.98,0.97,0.96,0.95,0.95,0.95,0.95,0.95,0.95,1,1,1,1.01,1,0.99,1,1.01,1.02,1.03,1,1.01,0.99,1,1.01
"395",1,0.99,0.98,1,1,0.99,0.98,0.97,0.96,0.95,0.95,0.95,0.95,0.95,0.95,0.95,0.95,0.95,0.95,0.95,0.95,0.95,0.95,0.95,0.95,0.95,0.95,0.95,0.95,0.95,0.95,0.95,0.95,0.95,0.95,0.95,0.95,0.95
"396",1,1,0.99,0.98,0.97,1.01,1,1.01,1,0.99,1.01,1,1,1.01,1,1,1,1,1,1,0.99,1,1,0.99,1,1,0.99,0.98,0.97,0.96,0.95,0.95,0.95,0.95,0.95,0.95,0.95,0.95
"397",1,1.01,1,1,1.01,1,1.01,0.99,0.98,1,1,1.01,0.99,0.98,0.97,1.01,1.02,1,1.01,1.02,0.99,1,1,1,1,1,1,1,0.99,1,0.99,0.98,0.97,0.96,0.95,1,0.99,1
"398",1,0.99,1,1,1,0.99,0.98,0.97,0.96,0.95,0.95,1,0.99,0.98,1,0.99,0.98,0.97,0.96,0.95,0.95,0.95,0.95,0.95,1,1,1,0.99,0.98,0.97,1.01,0.99,0.98,1.01,1,1.01,1,0.99
"399",1,1.01,1,0.99,1.01,1,1.01,1,1,1.01,1,1.01,1,1.01,1.02,1.03,1,1.01,1,1,1.01,0.99,0.98,0.97,1,1.01,1,1.01,1,0.99,1.01,0.99,0.98,0.97,0.96,0.95,0.95,0.95
"400",1,1,1,1,1,1,1,1,1,1,1,1,1,1,1,1,1,1,1,1,1,1,1,1,1,1,1,1,1,1,1,1,1,1,1,1,1,1
"401",1,0.99,1,1,1,0.99,0.98,0.97,0.96,0.95,0.95,0.95,0.95,0.95,0.95,0.95,0.95,0.95,0.95,0.95,0.95,0.95,0.95,0.95,0.95,0.95,0.95,0.95,0.95,0.95,0.95,0.95,0.95,0.95,0.95,0.95,0.95,0.95
"402",1,1.01,1,1,1.01,1,1,1,0.99,0.98,0.97,1.01,1,1,1,1,1,1,1,1.01,1,0.99,1.01,1.02,0.99,1.01,1,1.01,1.02,1,1,1.01,1.02,1,1,1,1,1.01
"403",1,1,1,1,1,1,1,1,1,1,1,1,1,0.99,0.98,0.97,0.96,0.95,0.95,0.95,0.95,0.95,0.95,0.95,0.95,0.95,0.95,0.95,0.95,0.95,0.95,0.95,0.95,0.95,0.95,0.95,0.95,0.95
"404",1,1,1,1,1,1,1,1,1,1,1,1,1,1,1,1,1,1,1,1,1,1,1,1,1,1,1,1,1,1,1,1,1,1,1,1,1,1
"405",1,1,1,1.01,0.99,0.98,1,1,1.01,1,1,1,0.99,0.98,1,1.01,1.02,1.03,1.04,1,0.99,0.98,1,1.01,1,1,0.99,1.01,0.99,0.98,1.01,1.02,1,1.01,0.99,0.98,1.01,1.02
"406",1,1,1,1.01,1.02,1.03,1.04,0.99,0.98,0.97,1,1.01,1.02,0.99,1,1,1.01,1.02,1,1,1,1,1.01,1.02,1,1,0.99,1,0.99,1.01,1.02,1,0.99,1.01,1,1,1.01,1.02
"407",1,0.99,0.98,1,1,0.99,0.98,0.97,0.96,0.95,0.95,0.95,0.95,0.95,0.95,0.95,0.95,0.95,0.95,0.95,0.95,0.95,0.95,0.95,0.95,0.95,0.95,0.95,0.95,0.95,0.95,0.95,1.01,0.99,0.98,0.97,0.96,0.95
"408",1,1,1,1,1,1,1,1,1,1,1,1,1,1,1,1,1,1,1,1,1,1,1,1,1,1,1,1,1,1,1,1,1,1,1,1,1,1
"409",1,1,1,1.01,0.99,1,0.99,1,1,1,1,1,1,1.01,0.99,0.98,0.97,0.96,1,1,0.99,0.98,0.97,0.96,1,1,0.99,1.01,0.99,1,0.99,1,0.99,1,1,1,1,1
"410",1,0.99,1,0.99,0.98,0.97,0.96,0.95,0.95,0.95,1,0.99,0.98,1,0.99,0.98,0.97,0.96,0.95,0.95,0.95,0.95,0.95,0.95,0.95,0.95,0.95,0.95,0.95,0.95,0.95,0.95,0.95,0.95,0.95,0.95,0.95,0.95
"411",1,1,1,1,1,1,1,1,1,1,1,1,1,1,1,1,1,1,1,1,1,1,1,1,1,1,1,1,1,1,1,1,1,1,1,1,1,1
"412",1,0.99,1,1,1,1.01,1,0.99,1,1,1.01,1,0.99,0.98,1,1,0.99,0.98,0.97,0.96,0.95,0.95,0.95,0.95,0.95,0.95,0.95,0.95,0.95,0.95,0.95,0.95,0.95,0.95,0.95,0.95,0.95,0.95
"413",1,0.99,1.01,1.02,1,1,0.99,0.98,1.01,0.99,1,0.99,1,0.99,0.98,1.01,1,0.99,0.98,0.97,0.96,0.95,0.95,0.95,0.95,0.95,0.95,0.95,0.95,0.95,0.95,0.95,0.95,0.95,0.95,0.95,0.95,0.95
"414",1,0.99,1,1,0.99,0.98,0.97,0.96,1,1.01,0.99,0.98,0.97,0.96,1,0.99,0.98,1.01,0.99,0.98,0.97,0.96,1.01,1.02,1,1.01,0.99,1.01,0.99,1,1.01,1,1,1.01,1,1,1,1.01
"415",1,1,1,1.01,1,1.01,1.02,0.99,1,1,1,0.99,1,0.99,0.98,0.97,1.01,1.02,1.03,1,1.01,1,1.01,1.02,1,1.01,0.99,1.01,0.99,1,0.99,0.98,1.01,0.99,1,0.99,1.01,1
"416",1,0.99,1,1,1,0.99,0.98,0.97,0.96,0.95,0.95,0.95,1.01,1,0.99,0.98,1,0.99,1.01,1,0.99,1,1,1.01,1,1,0.99,1.01,0.99,0.98,0.97,0.96,1,1,1,0.99,1,1.01
"417",1,0.99,1,1,1,0.99,0.98,0.97,0.96,0.95,0.95,0.95,0.95,0.95,0.95,0.95,0.95,0.95,0.95,0.95,0.95,0.95,0.95,0.95,0.95,0.95,0.95,0.95,0.95,0.95,0.95,0.95,0.95,0.95,0.95,0.95,0.95,0.95
"418",1,0.99,1,1,1,0.99,0.98,0.97,0.96,0.95,0.95,1,1,0.99,1,1,1,1,1,0.99,1,0.99,0.98,0.97,0.96,0.95,0.95,0.95,0.95,1,1,1,0.99,0.98,1,1,1,1
"419",1,0.99,1,1,0.99,0.98,0.97,0.96,1,0.99,0.98,1,0.99,0.98,0.97,0.96,0.95,0.95,0.95,1,0.99,0.98,0.97,0.96,0.95,0.95,0.95,0.95,0.95,1.01,1,1,1,1,1,0.99,0.98,1
"420",1,0.99,0.98,1,0.99,0.98,1,0.99,1,1,0.99,0.98,1.01,1,1,1.01,1,1,1,1,1.01,0.99,1,1,1,1,0.99,0.98,0.97,0.96,0.95,1,1.01,1.02,1.03,1,1,1
"421",1,0.99,1,1,0.99,0.98,1.01,1,0.99,1,1,0.99,0.98,1,0.99,0.98,0.97,1.01,1,0.99,0.98,0.97,0.96,0.95,0.95,0.95,0.95,0.95,0.95,1.01,1,1,1,0.99,1,0.99,0.98,1
"422",1,0.99,1,1,0.99,0.98,0.97,1.01,0.99,0.98,0.97,0.96,1,0.99,1.01,1,0.99,0.98,0.97,1.01,0.99,1,0.99,0.98,0.97,1.01,0.99,1,0.99,0.98,1,0.99,0.98,0.97,1.01,0.99,1,1.01
"423",1,0.99,1,1,1,0.99,1.01,1,0.99,0.98,1,0.99,1.01,1,0.99,0.98,1,0.99,1,1,1.01,0.99,0.98,0.97,1.01,1.02,0.99,1,0.99,1.01,0.99,0.98,0.97,0.96,0.95,0.95,1,1.01
"424",1,0.99,1,1.01,1,1.01,1,1.01,1.02,1.03,1,1.01,1,1.01,0.99,1,0.99,1,1,0.99,1,1,1,1,0.99,1,0.99,0.98,0.97,1,0.99,0.98,1,1,1,1.01,1.02,1
"425",1,1,1,1,1,1,1,1,1,1,1,1,1,1,1,1,1,1,1,1,1,1,1,1,1,1,1,1,1,1,1,1,1,1,1,0.99,0.98,0.97
"426",1,0.99,1,1,1,0.99,0.98,0.97,0.96,0.95,0.95,0.95,0.95,0.95,0.95,0.95,0.95,0.95,0.95,0.95,0.95,0.95,0.95,0.95,0.95,0.95,0.95,0.95,0.95,0.95,0.95,0.95,0.95,0.95,0.95,0.95,0.95,0.95
"427",1,0.99,1,1,1,0.99,1.01,1,1,0.99,1,1.01,1,1.01,1,1,1.01,1,1.01,1.02,1,1,1,1,1,1,0.99,1,0.99,0.98,0.97,0.96,1,1,1,0.99,0.98,0.97
"428",1,1,1,1.01,0.99,1.01,1.02,1,1.01,1,1.01,1,0.99,1.01,1.02,1.03,1.04,1.05,1,1.01,1.02,1.03,1.04,1,1,1.01,0.99,1,0.99,1.01,1,1,1,1.01,1,1,1.01,1.02
"429",1,0.99,1,1,1,0.99,0.98,0.97,1,0.99,0.98,1,0.99,0.98,0.97,0.96,0.95,0.95,0.95,0.95,0.95,0.95,0.95,0.95,0.95,0.95,0.95,0.95,0.95,1.01,1,0.99,0.98,1,1,1,0.99,0.98
"430",1,1,1,1,1,1,1,1,1,1,1,1,1,1,1,1,1,1,1,1,1,1,1,1,1,1,1,1,1,1,1,1,1,1,1,1,1,1
"431",1,1,1,1,1,1,1,1,1,1,1,1,1,1,1,1,1,1,1,1,1,1,1,1,1,1,1,1,1,1,1,1,1,1,1,1,1,1
"432",1,1,1,1,1,1,1,1,1,1,1,1,1,1,1,1,1,1,1,1,1,1,1,1,1,1,1,1,1,1,1,1,1,1,1,1,1,1
"433",1,1,1,1,1,1,1,1,1,1,1,1,1,1,1,1,1,1,1,1,1,1,1,1,1,1,1,1,1,1,1,1,1,1,1,1,1,1
"434",1,0.99,1,1,1,0.99,0.98,0.97,0.96,0.95,0.95,0.95,0.95,0.95,0.95,0.95,0.95,0.95,0.95,0.95,0.95,0.95,0.95,0.95,0.95,0.95,0.95,0.95,0.95,0.95,0.95,0.95,0.95,0.95,0.95,0.95,0.95,0.95
"435",1,1,1,1,1,1,1,1,1,1,1,1,1,1,1,1,1,1,1,1,1,1,1,1,1,1,1,1,1,1,1,1,1,1,1,1,1,1
"436",1,1,1,1,1,1,1,1,1,1,1,1,1,1,1,1,1,1,1,1,1,1,1,1,1,1,1,1,1,1,1,1,1,1,1,1,1,1
"437",1,0.99,1,1,1,0.99,0.98,0.97,0.96,0.95,0.95,0.95,0.95,0.95,0.95,0.95,0.95,0.95,0.95,0.95,0.95,0.95,0.95,0.95,0.95,0.95,0.95,0.95,0.95,0.95,0.95,0.95,0.95,0.95,0.95,0.95,0.95,1
"438",1,1,1,1,1,1,1,1,1,1,1,1,1,1,1,1,1,1,1,1,1,1,1,1,1,1,1,1,1,1,1,1,1,1,1,1,1,1
"439",1,1,1,1,1,1,1,1,1,1,1,1,1,1,1,1,1,1,1,1,1,1,1,1,1,1,1,1,1,1,1,1,1,1,1,1,1,1
"440",1,1,1,1,1,1,1,1,1,1,1,1,1,1,1,1,1,1,1,1,1,1,1,1,1,1,1,1,1,1,1,1,1,1,1,1,1,1
"441",1,1,1,1,1,1,1,1,1,1,1,1,1,1,1,1,1,1,1,1,1,1,1,1,1,1,1,1,1,1,1,1,1,1,1,1,1,1
"442",1,1,1,1,1,1,1,1,1,1,1,1,1,1,1,1,1,1,1,1,1,1,1,1,1,1,1,1,1,1,1,1,1,1,1,1,1,1
"443",1,0.99,1,1,1,0.99,0.98,0.97,0.96,0.95,0.95,0.95,1,0.99,1,1.01,1,0.99,1,0.99,0.98,0.97,0.96,0.95,1,0.99,0.98,1,0.99,0.98,0.97,0.96,0.95,0.95,1,0.99,1,1
"444",1,0.99,1,1,1,0.99,0.98,0.97,1,0.99,1,0.99,0.98,0.97,0.96,1,0.99,1,0.99,0.98,1,0.99,0.98,1,0.99,0.98,0.97,0.96,0.95,0.95,0.95,0.95,1.01,0.99,0.98,0.97,0.96,1
"445",1,1,1,0.99,1,1,1,1,1.01,1,1,1,1,0.99,0.98,0.97,1,1,1,1,0.99,0.98,0.97,1,1,1,0.99,1,0.99,1,1,1.01,0.99,0.98,1,1,1.01,1
"446",1,0.99,1,1,0.99,0.98,1,1,0.99,0.98,0.97,0.96,1,1,0.99,0.98,0.97,1,0.99,0.98,0.97,1,1,0.99,0.98,0.97,0.96,0.95,0.95,0.95,0.95,0.95,1,0.99,0.98,0.97,0.96,1
"447",1,1,1,1,1,1,1,1,1,1,1,1,1,1,1,1,1,1,1,1,1,1,1,1,1,1,1,1,1,1,1,1,1,1,1,1,1,1
"448",1,1,0.99,1,1,1,1,1,1,0.99,1,0.99,1,1,1,1,1,0.99,1,1,1,0.99,1,1,1,1,0.99,1,0.99,0.98,1,0.99,0.98,0.97,1.01,1,1.01,1
"449",1,1.01,1,0.99,0.98,1,1,1,1.01,1.02,1,1,1,1,1,0.99,1,1.01,0.99,0.98,1,1,1,1,0.99,1,0.99,1.01,0.99,0.98,1,1.01,1,1,0.99,1,1,1.01
"450",1,1,1,1,1,1,1,1,1,1,1,1,1,1.01,0.99,0.98,0.97,0.96,0.95,0.95,0.95,0.95,0.95,0.95,0.95,0.95,0.95,0.95,0.95,0.95,0.95,0.95,0.95,0.95,0.95,0.95,0.95,0.95
"451",1,1,1,1,1,1.01,1.02,1,0.99,1,1,0.99,0.98,0.97,0.96,0.95,0.95,0.95,0.95,1.01,1,1,1.01,0.99,0.98,1.01,0.99,1.01,0.99,1,1,1,1.01,1,0.99,0.98,1.01,1
"452",1,1,1,1,0.99,0.98,1.01,0.99,0.98,0.97,0.96,0.95,0.95,1,1,1.01,1,0.99,1.01,0.99,0.98,1,1.01,0.99,1,1.01,0.99,1,0.99,1.01,1,1.01,1,0.99,1,0.99,1,1
"453",1,0.99,1,1,0.99,0.98,0.97,0.96,0.95,0.95,1,1,0.99,1.01,1,1.01,1,0.99,0.98,0.97,1.01,1,1,1,0.99,1,0.99,0.98,0.97,0.96,0.95,0.95,0.95,0.95,0.95,0.95,0.95,0.95
"454",1,0.99,1,1,1,0.99,0.98,0.97,0.96,0.95,0.95,0.95,0.95,0.95,0.95,0.95,0.95,0.95,0.95,1,0.99,0.98,0.97,1,1,0.99,0.98,1,0.99,0.98,0.97,0.96,0.95,0.95,0.95,0.95,0.95,0.95
"455",1,0.99,0.98,1,1,1,1.01,1.02,1.03,1,1.01,0.99,0.98,0.97,0.96,1.01,1,1.01,0.99,1,1,1,0.99,1,1,1.01,1,1.01,0.99,0.98,1,1,0.99,0.98,1,1,1,0.99
"456",1,1,1,1,1,1,1,1,1,1,1,1,1,1,1,1,1,1,1,1,1,1,1,1,1,1,1,1,1,1,1,1,1,1,1,1,1,1
"457",1,1,1.01,0.99,0.98,1,0.99,0.98,0.97,0.96,0.95,1.01,0.99,0.98,0.97,0.96,0.95,1.01,0.99,0.98,0.97,0.96,0.95,0.95,0.95,0.95,0.95,0.95,0.95,0.95,0.95,0.95,0.95,0.95,0.95,0.95,0.95,0.95
"458",1,1,1,1,1,1,1,1,1,1,1,1,1,1,1,1,1,1,1,1,1,1,1,1,1,1,1,1,1,1,1,1,1,1,1,1,1,1
"459",1,1,1,1,1,1,1,1,1,1,0.99,1,1.01,1,1.01,1,1,1,1,1,1,1,1.01,1.02,1,1,1,1,1,1,1,1,1,1,0.99,0.98,1,1
"460",1,1,1,1,1,0.99,0.98,0.97,0.96,0.95,0.95,0.95,0.95,1,1,1,0.99,1.01,0.99,0.98,0.97,0.96,0.95,0.95,0.95,0.95,0.95,0.95,0.95,0.95,0.95,0.95,0.95,0.95,0.95,0.95,0.95,0.95
"461",1,0.99,1,1,1,0.99,0.98,0.97,0.96,0.95,0.95,0.95,0.95,0.95,0.95,0.95,0.95,0.95,0.95,0.95,0.95,0.95,0.95,0.95,0.95,0.95,0.95,0.95,0.95,0.95,0.95,0.95,0.95,0.95,0.95,0.95,0.95,0.95
"462",1,1,1,1,1,1,1,1,1,1,1,1,1,1,1,1,1,1,1,1,1,1,1,1,1,1,1,1,1,1,1,1,1,1,1,1,1,1
"463",1,1.01,1,1,1,0.99,1,1,1,1.01,0.99,0.98,1,1,1,1,0.99,0.98,0.97,1,0.99,1,1,0.99,0.98,0.97,0.96,0.95,0.95,0.95,0.95,0.95,1.01,1.02,1,1,1,1
"464",1,0.99,0.98,0.97,1,0.99,0.98,0.97,0.96,0.95,1.01,1,0.99,0.98,0.97,0.96,0.95,0.95,0.95,0.95,0.95,0.95,0.95,0.95,0.95,1.01,1,1.01,0.99,1,1,0.99,0.98,0.97,0.96,0.95,0.95,0.95
"465",1,1,0.99,1,0.99,1,0.99,1,1,1,1,0.99,0.98,0.97,0.96,0.95,1,1,1,0.99,0.98,1,1,1,1,1,0.99,1.01,0.99,0.98,0.97,0.96,0.95,0.95,0.95,1,1,1
"466",1,0.99,1,1,1,0.99,0.98,0.97,0.96,0.95,0.95,1,1,0.99,0.98,1,0.99,0.98,1.01,1,0.99,0.98,0.97,0.96,0.95,0.95,1.01,1,1.01,1.02,1,1,1,1.01,1,1,1.01,1
"467",1,1,1,1.01,0.99,1,0.99,0.98,1.01,1,1,0.99,0.98,1,1,1,0.99,0.98,0.97,0.96,0.95,0.95,0.95,0.95,0.95,0.95,0.95,0.95,0.95,0.95,0.95,0.95,0.95,0.95,0.95,0.95,0.95,0.95
"468",1,1,1,1,1,0.99,1,0.99,0.98,1,0.99,1,0.99,0.98,0.97,1,1,1,1,1,0.99,0.98,0.97,0.96,0.95,0.95,0.95,0.95,0.95,0.95,0.95,0.95,0.95,0.95,1,0.99,1,1
"469",1,0.99,0.98,1,1,0.99,0.98,0.97,0.96,0.95,0.95,0.95,0.95,0.95,0.95,0.95,0.95,0.95,0.95,0.95,0.95,0.95,1.01,1,1,1,1,1.01,1,1,1,1,0.99,0.98,1.01,1,1,1
"470",1,0.99,1,1,1,1,1,1,0.99,0.98,0.97,1.01,1,0.99,1,1,1,1,1,0.99,1,1,1,1,1,0.99,0.98,1.01,1,1,1,0.99,0.98,1,1.01,1,0.99,0.98
"471",1,0.99,0.98,1,1,0.99,0.98,0.97,0.96,0.95,0.95,0.95,0.95,0.95,0.95,0.95,0.95,0.95,1,1,0.99,0.98,0.97,0.96,0.95,0.95,0.95,0.95,0.95,0.95,0.95,0.95,0.95,0.95,0.95,0.95,0.95,0.95
"472",1,1.01,1,1.01,1.02,1,1,1.01,1,0.99,1,0.99,1,1.01,0.99,0.98,0.97,0.96,0.95,0.95,1,0.99,0.98,1,1,1,0.99,1,1,1,1,1,1,1,0.99,0.98,0.97,0.96
"473",1,0.99,1,1,1,0.99,0.98,0.97,0.96,0.95,0.95,0.95,1,0.99,0.98,1,1,1,0.99,0.98,1,0.99,0.98,0.97,0.96,0.95,0.95,0.95,0.95,0.95,0.95,0.95,0.95,1,0.99,0.98,0.97,0.96
"474",1,0.99,0.98,0.97,1,1,0.99,0.98,0.97,1,1,1,0.99,0.98,0.97,0.96,0.95,0.95,0.95,0.95,1,0.99,0.98,0.97,0.96,0.95,0.95,0.95,0.95,0.95,0.95,0.95,0.95,1,1,1,1,1.01
"475",1,1,0.99,1,1,0.99,0.98,0.97,0.96,1,1,1,0.99,1,1,1.01,0.99,0.98,1,0.99,1,0.99,0.98,0.97,0.96,0.95,0.95,0.95,0.95,0.95,0.95,0.95,0.95,0.95,0.95,0.95,0.95,1
"476",1,1,1,1,1,1,1,1,1,1,1,1,1,1,1,1,1,1,1,1,1,1,1,1,1,1,1,1,1,1,1,1,1,1,1,1,1,1
"477",1,0.99,0.98,0.97,1,0.99,0.98,0.97,0.96,0.95,0.95,0.95,0.95,0.95,1,1,1,0.99,0.98,0.97,0.96,0.95,0.95,0.95,0.95,0.95,0.95,0.95,0.95,0.95,0.95,0.95,0.95,0.95,0.95,0.95,0.95,0.95
"478",1,1,1,1,1,1,1,1,1,1,1,1,1,1,1,1,1,1,1,1,1,0.99,0.98,1,1,0.99,0.98,1,0.99,0.98,1,0.99,0.98,0.97,0.96,0.95,0.95,0.95
"479",1,1,0.99,0.98,1,0.99,1,1,1,1,1.01,0.99,1,0.99,0.98,1.01,1.02,1,1,0.99,1,1,1.01,0.99,1,1,1,0.99,1,0.99,0.98,1.01,0.99,0.98,0.97,0.96,0.95,0.95
"480",1,1,1,1,1,1,1,1,1,1,1,1,1,1,1,1,1,1,1,1,1,1,1,1,1,1,1,1,1,1,1,1,1,1,1,1,1,1
"481",1,1,0.99,0.98,1.01,1.02,1,1.01,1.02,1,1,0.99,0.98,1.01,1.02,1,1,1.01,1.02,1.03,1.04,1.05,1.05,1,1,1,1.01,1.02,0.99,1.01,1.02,1.03,1.04,1.05,1,1.01,1,1.01
"482",1,0.99,1,1,1,1,0.99,0.98,0.97,1,1,1.01,0.99,0.98,1,1,0.99,1,0.99,0.98,1,1,1,1,1,1,1,1,0.99,1.01,0.99,1,1,1.01,0.99,0.98,0.97,1
"483",1,0.99,1,1,1,1,0.99,0.98,0.97,1,1,0.99,1,1,1,0.99,1,1,1,1,1,1,0.99,1,1,0.99,1,1,0.99,0.98,1.01,0.99,1.01,1,1,1,1,1
"484",1,1,1,1,1.01,0.99,1,1,1.01,1,1,1,1,1.01,1.02,1,1.01,1,1.01,1,1.01,1.02,1,1,1,1,1.01,1,0.99,1.01,1,1.01,1.02,1.03,1.04,1.05,1,1.01
"485",1,1.01,1,1.01,0.99,0.98,0.97,0.96,1,1,0.99,0.98,0.97,0.96,0.95,0.95,0.95,0.95,0.95,0.95,0.95,0.95,0.95,0.95,0.95,0.95,0.95,0.95,0.95,0.95,0.95,0.95,0.95,0.95,0.95,0.95,0.95,0.95
"486",1,1,1,1,1,1,1,1,1,1,1,1,1,1,1,1,1,1,1,1,1,1,1,1,1,1,1,1,1,1,1,1,1,1,1,1,1,1
"487",1,1,1,1,1,1,1,1,1,1,1,1,1,1,1,1,1,1,1,1,1,1,1,1,1,1,1,1,1,1,1,1,1,1,1,1,1,1
"488",1,0.99,1,1,0.99,1,1,1,1,0.99,0.98,0.97,0.96,0.95,1,0.99,1,1,1.01,0.99,0.98,0.97,0.96,0.95,0.95,0.95,0.95,0.95,0.95,0.95,0.95,1,0.99,0.98,0.97,0.96,0.95,0.95
"489",1,0.99,1,1,1.01,1,1.01,1.02,0.99,1,0.99,1,1.01,1,1.01,0.99,0.98,0.97,1.01,1,0.99,0.98,1.01,1,1.01,0.99,0.98,0.97,0.96,1,1.01,1.02,1.03,1.04,0.99,1,1,1.01
"490",1,1,1.01,1,1,1,1,1,1,1,0.99,1,1,1,1,0.99,1.01,1,1,1,1,1,0.99,1,1,1,1,1,0.99,0.98,0.97,0.96,0.95,0.95,0.95,1,1,1.01
"491",1,0.99,1,1,1,0.99,0.98,0.97,0.96,0.95,0.95,0.95,1.01,0.99,0.98,0.97,0.96,1,0.99,0.98,0.97,0.96,0.95,0.95,0.95,0.95,0.95,1,0.99,0.98,0.97,0.96,0.95,0.95,0.95,0.95,0.95,0.95
"492",1,1,1,0.99,1,0.99,0.98,1.01,1,0.99,1.01,1.02,1,0.99,1,1.01,1,1,1,1,0.99,0.98,0.97,0.96,0.95,0.95,0.95,0.95,0.95,0.95,0.95,1,1,1,1,1,1,1
"493",1,1,0.99,0.98,1,1,1,0.99,1,1,1,1,1,0.99,0.98,1,0.99,0.98,0.97,0.96,0.95,1,0.99,1,1,0.99,1,1,0.99,0.98,0.97,0.96,0.95,0.95,0.95,0.95,0.95,1
"494",1,0.99,1,1,1,0.99,0.98,0.97,0.96,0.95,0.95,0.95,0.95,0.95,0.95,0.95,0.95,0.95,0.95,0.95,0.95,0.95,0.95,0.95,0.95,0.95,0.95,0.95,0.95,0.95,0.95,0.95,0.95,0.95,0.95,0.95,0.95,0.95
"495",1,1.01,1.02,1,1.01,1.02,1,1,1,1,1,1,1.01,1,1,1,0.99,1,1,1,1,1,1,1.01,0.99,1,1,1,0.99,1,1,1,0.99,1.01,1,0.99,1,1.01
"496",1,1,1,1,1,1,1,1,1,1,1,1,1,1,1,1,1,1,1,1,1,1,1,1,1,1,1,1,1,1,1,1,1,1,1,1,1,1
"497",1,0.99,1,1,1,0.99,0.98,0.97,1,0.99,0.98,0.97,0.96,0.95,0.95,0.95,0.95,0.95,0.95,0.95,0.95,0.95,0.95,0.95,0.95,0.95,0.95,0.95,0.95,0.95,0.95,0.95,0.95,0.95,0.95,0.95,0.95,0.95
"498",1,0.99,1,1,1,0.99,0.98,0.97,1,0.99,0.98,1,0.99,0.98,1,0.99,0.98,0.97,0.96,0.95,0.95,0.95,1.01,1,1,1,0.99,1,0.99,0.98,1,1,1,1,1,1,1,1.01
"499",1,1,1,1,0.99,0.98,0.97,0.96,0.95,0.95,0.95,0.95,0.95,0.95,0.95,0.95,0.95,0.95,0.95,0.95,0.95,0.95,0.95,0.95,0.95,0.95,0.95,0.95,0.95,0.95,0.95,0.95,0.95,0.95,0.95,0.95,0.95,0.95
"500",1,0.99,0.98,1,1,0.99,0.98,0.97,0.96,0.95,0.95,0.95,0.95,0.95,0.95,0.95,0.95,0.95,0.95,1,0.99,1,1,0.99,0.98,0.97,0.96,1.01,0.99,0.98,1,1,0.99,1,1,1,1,1
"501",1,1,1,1,1,1,1,1,1,1,1,1,1,1,1,1,1,1,1,1,1,1,1,1,1,1,1,1,1,1,1,1,1,1,1,1,1,1
"502",1,1,1,1,1,1,1,1,1,1,1,1,1,1,1,1,1,1,1,1,1,1,1,1,1,1,1,1,1,1,1,1,1,1,1,1,1,1
"503",1,0.99,1,1,0.99,0.98,1,1,1,0.99,0.98,1,1,1,1,0.99,0.98,1,1,1,1.01,0.99,0.98,1,1.01,1,1,1,0.99,0.98,0.97,1,0.99,1,1,1,1,1
"504",1,0.99,1,1.01,1.02,1.03,0.99,0.98,1,1,1.01,1,1.01,1,0.99,0.98,0.97,0.96,0.95,0.95,0.95,0.95,0.95,0.95,0.95,0.95,0.95,0.95,0.95,0.95,0.95,0.95,0.95,0.95,0.95,0.95,0.95,0.95
"505",1,1,1,1,1,1,1,1,1,1,1,1,1,1,1,1,1,1,1,1,1,1,1,1,1,1,1,1,1,1,1,1,1,1,1,1,1,1
"506",1,1,1,1,1,1,1,1,1,1,1,1,1,1,1,1,1,1,1,0.99,0.98,0.97,0.96,0.95,0.95,0.95,0.95,0.95,0.95,0.95,0.95,0.95,0.95,0.95,0.95,0.95,0.95,0.95
"507",1,0.99,0.98,0.97,0.96,0.95,0.95,1.01,1,0.99,0.98,0.97,0.96,0.95,0.95,0.95,0.95,0.95,0.95,0.95,0.95,0.95,0.95,0.95,0.95,0.95,0.95,1,0.99,0.98,0.97,0.96,1,0.99,0.98,0.97,0.96,0.95
"508",1,0.99,1,1,1,0.99,0.98,0.97,0.96,0.95,0.95,0.95,0.95,0.95,0.95,0.95,0.95,0.95,0.95,0.95,0.95,0.95,0.95,0.95,0.95,0.95,0.95,0.95,0.95,0.95,0.95,0.95,0.95,0.95,0.95,0.95,0.95,0.95
"509",1,1,1.01,1,1,1.01,0.99,0.98,1,0.99,1,0.99,0.98,1,0.99,1.01,0.99,0.98,1,1,0.99,1,0.99,0.98,1,0.99,0.98,1,1,1,0.99,0.98,0.97,0.96,0.95,0.95,1,0.99
"510",1,0.99,1,1,1,0.99,0.98,0.97,0.96,0.95,0.95,0.95,1.01,1,1.01,0.99,1.01,0.99,1,1,1.01,0.99,1.01,1,1.01,0.99,1,0.99,0.98,1,1.01,0.99,0.98,0.97,0.96,1,1.01,1
"511",1,1,1,1,1,1,1,1,1,1,1,1,1,1,1,1,1,1,1,1,1,1,1,1,1,1,1,1,1,1,1,1,1,1,1,1,1,1
"512",1,0.99,1,1,1,1.01,0.99,1.01,1.02,1,1,0.99,0.98,0.97,0.96,0.95,1,1,1,0.99,1,1,1.01,0.99,1.01,1.02,1.03,1,1,1.01,1,1,1,1,0.99,1,0.99,1
"513",1,0.99,1,1,0.99,0.98,0.97,0.96,0.95,0.95,0.95,0.95,0.95,0.95,0.95,0.95,0.95,0.95,0.95,0.95,0.95,0.95,0.95,0.95,0.95,0.95,0.95,0.95,0.95,0.95,0.95,0.95,0.95,0.95,0.95,0.95,0.95,0.95
"514",1,1,1,1,1,1,1,1,1,1,1,1,1,1,1,1,0.99,0.98,0.97,0.96,0.95,0.95,0.95,0.95,0.95,0.95,0.95,0.95,0.95,0.95,0.95,0.95,0.95,0.95,0.95,0.95,0.95,0.95
"515",1,1,1,1,1,1,1,1,1,1,1,1,1,1,1,1,1,1,1,1,1,1,1,1,1,1,1,1,1,1,1,1,1,1,1,1,1,1
"516",1,0.99,0.98,0.97,0.96,0.95,1,0.99,0.98,0.97,0.96,0.95,0.95,0.95,0.95,0.95,0.95,0.95,0.95,0.95,0.95,0.95,0.95,0.95,0.95,0.95,0.95,0.95,0.95,0.95,0.95,0.95,0.95,0.95,0.95,0.95,0.95,0.95
"517",1,1,1,1,1,0.99,1,0.99,1.01,1,1,1,1,1,0.99,1.01,1,1,1,1,1,0.99,0.98,0.97,1,1,1,1,1,1,1,0.99,1,1,0.99,1,1,1
"518",1,1,0.99,1,1,1.01,1,1,1.01,0.99,0.98,0.97,0.96,0.95,0.95,0.95,0.95,0.95,0.95,0.95,0.95,0.95,0.95,0.95,0.95,0.95,0.95,0.95,1,1,0.99,0.98,0.97,0.96,0.95,0.95,1,0.99
"519",1,0.99,1,1,1,0.99,0.98,0.97,0.96,0.95,0.95,1.01,1.02,1,1.01,1,1,0.99,0.98,0.97,1.01,1,1,1.01,1.02,1.03,1,1,0.99,0.98,0.97,0.96,1,0.99,0.98,0.97,0.96,0.95
"520",1,1,1,1,1,1.01,1,1.01,1,0.99,0.98,1.01,1.02,1.03,1.04,1,1.01,1,1,1.01,1.02,1,1,1,1,1,0.99,0.98,0.97,0.96,0.95,0.95,0.95,1,0.99,0.98,0.97,0.96
"521",1,1,1,1,0.99,1,0.99,0.98,1,0.99,0.98,1,1,1,1,0.99,1,1,1,1,1,1,1,1,0.99,0.98,0.97,0.96,0.95,0.95,0.95,0.95,0.95,1,0.99,0.98,0.97,1
"522",1,0.99,1.01,1.02,1.03,1.04,1,1,1,1,0.99,1,1.01,1,0.99,1.01,1,1.01,1.02,1,1,1.01,1.02,1,1,1,1,0.99,1.01,1.02,0.99,0.98,0.97,0.96,0.95,0.95,0.95,0.95
"523",1,0.99,0.98,1,0.99,1.01,1,1,1.01,1,0.99,0.98,1,1,1.01,1,0.99,0.98,0.97,0.96,1,1.01,1,1.01,0.99,1,0.99,1.01,0.99,1,0.99,1,1,1.01,0.99,1,1.01,1.02
"524",1,0.99,1,1,1,0.99,0.98,0.97,0.96,0.95,0.95,0.95,0.95,0.95,0.95,0.95,0.95,0.95,0.95,0.95,0.95,0.95,0.95,0.95,0.95,0.95,0.95,0.95,0.95,0.95,0.95,0.95,0.95,0.95,0.95,0.95,0.95,0.95
"525",1,0.99,1,1,1,0.99,0.98,0.97,0.96,0.95,0.95,0.95,0.95,0.95,0.95,0.95,0.95,0.95,1,0.99,0.98,1.01,1,1,1,1.01,1,1,1,0.99,1,0.99,0.98,0.97,0.96,0.95,0.95,0.95
"526",1,0.99,1,1,1,0.99,0.98,0.97,0.96,1,1,0.99,0.98,0.97,1,0.99,0.98,0.97,0.96,0.95,0.95,0.95,0.95,0.95,0.95,0.95,0.95,0.95,0.95,0.95,0.95,0.95,0.95,1,1,1,0.99,0.98
"527",1,1,1,1,1,1,1,1,1,1,1,1,1,1,1,1,1,1,1,1,1,1,1,1,1,1,1,1,1,1,1,1,1,1,1,1,1,1
"528",1,1,1,1,1,1,1,1,1,1,1,1,1,1,1,1,1,1,1,1,1,1,1,1,1,1,1,1,1,1,1,1,1,1,1,1,1,1
"529",1,1,1,1,1,1,1,1,1,1,1,1,1,1,1,1,1,1,1,1,1,1,1,1,1,1,1,1,1,1,1,1,1,1,1,1,1,1
"530",1,1,1,1,1,1,1,1,1,1,1,1,1,1,0.99,0.98,1,1,1.01,1,1,0.99,0.98,0.97,1,1,0.99,1,1,1,1,1,1.01,1,1,1.01,1,0.99
"531",1,0.99,1,0.99,1,1.01,0.99,0.98,1.01,1,1,1,1.01,1,1,1,1,0.99,0.98,0.97,1,1.01,1.02,0.99,0.98,1.01,1,1.01,1,1.01,1,0.99,1,1,1,1,1.01,1
"532",1,1,1,1,1,1,1,1,1,1,1,1,1,1,1,1,1,1,1,1,1,1,1,1,1,1,1,1,1,1,1,1,1,1,0.99,0.98,0.97,0.96
"533",1,1,1,0.99,1,0.99,0.98,1,1,1,1,0.99,0.98,1,1,1,1.01,1.02,1,0.99,0.98,1,0.99,1,1.01,0.99,1,1,0.99,0.98,0.97,1,1,0.99,0.98,0.97,1,0.99
"534",1,0.99,0.98,1,1,0.99,0.98,0.97,1,1,0.99,1.01,1,1,1,1.01,1,0.99,0.98,0.97,1,1,1,0.99,1.01,0.99,1,1,0.99,1,0.99,0.98,0.97,0.96,0.95,0.95,0.95,0.95
"535",1,1,1,1,1,1,1,1,1,1,1,1,1,1,1,0.99,0.98,0.97,0.96,0.95,0.95,0.95,0.95,0.95,0.95,0.95,0.95,0.95,0.95,0.95,0.95,0.95,0.95,0.95,0.95,0.95,0.95,0.95
"536",1,1.01,1,0.99,1.01,1.02,1,1,0.99,1,0.99,1.01,1,1,1,1.01,1,1,1,1.01,1.02,1.03,0.99,0.98,1.01,1,1,1,0.99,1,1,0.99,1.01,1.02,0.99,0.98,0.97,0.96
"537",1,1,1,1,1,1,1,1,1,1,1,1,1,1,1,1,1,1,1,1,1,1,1,1,1,1,1,1,1,1,1,1,1,1,1,1,1,1
"538",1,1,1,1,1,1,1,1,1,1,1,1,1,1,1,1,1,1,1,1,1,1,1,1,1,1,1,1,1,1,1,1,1,1,1,1,1,1
"539",1,1,1,1,1,1,1,1,1,1,1,1,1,1,1,1,1,1,1,1,1,1,1,1,1,1,1,1,1,1,1,1,1,1,1,1,1,1
"540",1,0.99,1,1,1,0.99,0.98,0.97,0.96,0.95,0.95,0.95,0.95,0.95,0.95,0.95,0.95,0.95,0.95,1,1.01,0.99,0.98,0.97,0.96,1,0.99,0.98,0.97,0.96,0.95,0.95,0.95,0.95,0.95,0.95,0.95,0.95
"541",1,0.99,1,1,1,0.99,0.98,0.97,0.96,0.95,0.95,0.95,0.95,0.95,0.95,0.95,0.95,0.95,0.95,0.95,0.95,0.95,0.95,0.95,0.95,0.95,0.95,1.01,0.99,1,1,1,0.99,0.98,0.97,0.96,1.01,1
"542",1,1,1,1,1,1,1,1,1,1,1,1,1,1,1,1,1,1,1,1,1,1,1,1,1,1,1,1,1,1,1,1,1,1,1,1,1,1
"543",1,1,1,1,1,1,1,1,1,1,1,1,1,1,1,1,1,1,1,1,1,1,1,1,1,1,1,1,1,1,1,1,1,1,1,1,1,1
"544",1,1,1,1,1,1,1,1,1,1,1,1,1,1,1,1,1,1,1,1,1,1,1,1,1,1,1,1,1,1,1,1,1,1,1,1,1,1
"545",1,1,1,1,1,1,1,1,1,1,1,1,1,1,1,1,1,1,1,1,1,1,1,1,1,1,1,1,1,1,1,1,1,1,1,1,1,1
"546",1,0.99,0.98,0.97,0.96,0.95,0.95,0.95,0.95,0.95,0.95,0.95,0.95,0.95,0.95,0.95,0.95,1.01,0.99,0.98,1,0.99,0.98,0.97,0.96,0.95,0.95,0.95,0.95,0.95,0.95,0.95,0.95,1,1,0.99,0.98,0.97
"547",1,0.99,1,1,1,0.99,0.98,0.97,0.96,0.95,0.95,0.95,0.95,0.95,1,1.01,1.02,0.99,0.98,1.01,0.99,0.98,1.01,1,0.99,0.98,0.97,1,1,1.01,1,1.01,1.02,1,1.01,0.99,0.98,0.97
"548",1,1.01,1,1.01,1,1,1.01,1,1,1,1.01,1.02,1.03,1,1.01,1,0.99,1.01,1,1.01,1.02,1.03,1,1,1.01,1,1,1,0.99,1,1,1,1,1,1,1,1.01,1
"549",1,1,1,1.01,1,1,0.99,1.01,1,1,1,0.99,1,1,0.99,0.98,1,1,1,1.01,1,0.99,1.01,1,1.01,1,1.01,1.02,1.03,1.04,1,1.01,1.02,1,1.01,1.02,1.03,1.04
"550",1,0.99,1,1,1,0.99,0.98,0.97,0.96,0.95,0.95,0.95,0.95,0.95,0.95,0.95,0.95,0.95,0.95,0.95,0.95,0.95,0.95,0.95,0.95,0.95,0.95,0.95,0.95,0.95,0.95,0.95,0.95,0.95,0.95,0.95,0.95,1
"551",1,1,1,1,1.01,0.99,1,1.01,1.02,1,0.99,0.98,1,1.01,1.02,0.99,0.98,1,0.99,0.98,1.01,0.99,1,0.99,0.98,0.97,0.96,0.95,0.95,0.95,0.95,0.95,0.95,0.95,0.95,0.95,0.95,0.95
"552",1,0.99,1,1,1,0.99,0.98,0.97,0.96,0.95,0.95,1.01,0.99,0.98,0.97,0.96,0.95,1.01,1,1.01,1,1,1,1,1.01,1,0.99,0.98,1.01,1,0.99,0.98,0.97,1,1,1.01,1,0.99
"553",1,1,1.01,1,1,0.99,1,1,1.01,1.02,1,1.01,1,1,0.99,0.98,1,0.99,1,0.99,1,0.99,0.98,1.01,0.99,0.98,0.97,1.01,0.99,0.98,0.97,1,0.99,1.01,0.99,1,1.01,1.02
"554",1,1,1,1,1,1,1,1,1,1,1,1,1,1,1,1,1,1,1,1,1,1,1,1,1,1,1,1,1,1,1,1,1,1,1,1,1,1
"555",1,1,1,1,1,1,1,1,1,1,1,1,1,1,1,1,1,1,1,1,1,1,1,1,1,1,1,1,1,1,1,1,1,1,1,1,1,1
"556",1,1,1.01,0.99,0.98,0.97,0.96,0.95,0.95,0.95,0.95,0.95,0.95,0.95,0.95,0.95,0.95,0.95,0.95,0.95,0.95,0.95,0.95,0.95,0.95,0.95,0.95,0.95,0.95,0.95,0.95,0.95,0.95,0.95,0.95,0.95,0.95,1.01
"557",1,1.01,1.02,1.03,1.04,1.05,0.99,1.01,1.02,1,1.01,1.02,1.03,1.04,1.05,1.05,1,1.01,0.99,1.01,1,0.99,1.01,0.99,1.01,1,1.01,1.02,0.99,0.98,0.97,1,1.01,0.99,1.01,0.99,1.01,1
"558",1,0.99,0.98,1,0.99,0.98,0.97,0.96,0.95,0.95,1.01,0.99,1.01,1,0.99,0.98,0.97,0.96,1.01,1.02,1.03,1.04,1,0.99,1.01,0.99,0.98,1,0.99,0.98,0.97,1.01,0.99,1,0.99,0.98,1.01,1.02
"559",1,1,1,1,1,1,1,1,1,1,1,1,1,1,1,1,1,1,1,1,1,1,1,1,1,1,1,1,1,1,1,1,1,1,1,1,1,1
"560",1,0.99,1,1,1,0.99,0.98,0.97,0.96,0.95,0.95,0.95,0.95,0.95,0.95,0.95,0.95,0.95,0.95,0.95,0.95,0.95,0.95,0.95,0.95,0.95,0.95,0.95,0.95,0.95,0.95,0.95,0.95,0.95,0.95,0.95,0.95,0.95
"561",1,0.99,1,1,1.01,1,1.01,1.02,0.99,1,1,1.01,1,1.01,1.02,1.03,1,1,0.99,1,0.99,1,1,1.01,1,1,1,0.99,0.98,1,1.01,1.02,1,1.01,1.02,0.99,1,1.01
"562",1,0.99,1,1,1,0.99,0.98,0.97,0.96,0.95,0.95,0.95,0.95,0.95,0.95,0.95,0.95,0.95,0.95,0.95,0.95,0.95,0.95,0.95,0.95,0.95,0.95,0.95,0.95,0.95,0.95,0.95,0.95,0.95,0.95,0.95,0.95,0.95
"563",1,1,1,1,1,1,1,1,1,1,1,1,1,1,1,1,1,1,1,1,1,1,1,1,1,1,1,1,1,1,1,1,1,1,1,1,1,1
"564",1,1,1,1,1,0.99,0.98,0.97,0.96,0.95,0.95,1.01,1,0.99,0.98,0.97,0.96,0.95,0.95,0.95,0.95,0.95,0.95,0.95,0.95,0.95,0.95,0.95,0.95,0.95,0.95,0.95,0.95,0.95,0.95,0.95,0.95,0.95
"565",1,1,1,1,1,1,1,1,1,1,0.99,0.98,0.97,0.96,0.95,0.95,0.95,0.95,0.95,0.95,0.95,0.95,0.95,0.95,0.95,0.95,0.95,0.95,0.95,1.01,1,0.99,0.98,0.97,0.96,0.95,0.95,0.95
"566",1,0.99,1,1,1,0.99,0.98,0.97,0.96,0.95,0.95,0.95,0.95,0.95,0.95,0.95,0.95,0.95,0.95,0.95,0.95,0.95,0.95,0.95,1.01,1,0.99,1,1.01,0.99,0.98,1.01,1,0.99,0.98,1,1,1
"567",1,0.99,1.01,1,0.99,0.98,0.97,0.96,0.95,0.95,0.95,1.01,0.99,0.98,0.97,0.96,1,1.01,0.99,0.98,0.97,0.96,1.01,0.99,0.98,0.97,0.96,1,0.99,0.98,0.97,0.96,0.95,0.95,1.01,1.02,1,1.01
"568",1,1,1,1,1,1,1,1,1,1,1,1,1,1,1,1,1,1,1,1,1,1,1,1,1,1,1,1,1,1,1,1,1,1,1,1,1,1
"569",1,1,1,1,1,1,1,1,1,1,1,1,1,1,1,1,1,1,1,1,1,1,1,1,1,1,1,1,1,1,1,1,1,1,1,1,1,1
"570",1,1,1,1,1,1,1,1,1,1,1,1,1,1,1,1,1,1,1,1,1,1,1,1,1,1,1,1,1,1,1,1,1,1,1,1,1,1
"571",1,1,1,1,1,1,1,1,1,1,1,1,1,1,1,1,1,1,1,1,1,1,1,1,1,1,1,1,1,1,1,1,1,1,1,1,1,1
"572",1,1,1,1,1,1,1,1,1,1,1,1,1,1,1,1,1,1,1,1,1,1,1,1,1,1,1,1,1,1,1,1,1,1,1,1,1,1
"573",1,1,1,1,1,1,1,1,1,1,1,1,1,1,1,1,1,1,1,1,1,1,1,1,1,1,1,1,1,1,1,1,1,1,1,1,1,1
"574",1,0.99,1,1,1.01,1.02,0.99,0.98,0.97,1.01,0.99,0.98,0.97,0.96,0.95,0.95,0.95,0.95,1.01,0.99,0.98,0.97,0.96,0.95,0.95,0.95,0.95,0.95,0.95,0.95,0.95,0.95,0.95,0.95,0.95,0.95,0.95,0.95
"575",1,0.99,1,1,0.99,0.98,0.97,0.96,0.95,1.01,1,0.99,1,1,1.01,0.99,0.98,0.97,0.96,0.95,1,0.99,1,0.99,0.98,0.97,1,1,0.99,1,1,1,0.99,0.98,0.97,1.01,1,1.01
"576",1,1,1,1.01,1.02,1.03,0.99,1,1,0.99,1,0.99,1.01,0.99,1,1.01,1,0.99,0.98,0.97,0.96,1,1,1,1,1,1.01,1.02,0.99,1.01,1.02,1.03,1.04,1.05,1,1.01,1.02,1
"577",1,0.99,1,1,1.01,0.99,1,1.01,1,1.01,1.02,1.03,1,1,1,0.99,1,1,1.01,1,1,0.99,1.01,1,1,1.01,1,1.01,0.99,1,1.01,1.02,1.03,1.04,1,1,1,0.99
"578",1,0.99,1,1,1,0.99,0.98,0.97,0.96,0.95,0.95,0.95,0.95,0.95,0.95,0.95,0.95,0.95,0.95,0.95,0.95,0.95,0.95,0.95,0.95,0.95,0.95,0.95,0.95,0.95,0.95,0.95,0.95,0.95,0.95,0.95,0.95,0.95
"579",1,0.99,0.98,0.97,1,0.99,0.98,0.97,0.96,0.95,0.95,0.95,0.95,1.01,1.02,1.03,1.04,1,1.01,0.99,0.98,1,0.99,0.98,0.97,0.96,0.95,1,1.01,0.99,1.01,1.02,1,1,1,1,1,1.01
"580",1,1,1,1,1,1,1,1,0.99,0.98,0.97,0.96,0.95,0.95,0.95,0.95,0.95,0.95,0.95,0.95,0.95,0.95,0.95,0.95,0.95,0.95,0.95,0.95,0.95,0.95,0.95,0.95,0.95,0.95,0.95,0.95,0.95,0.95
"581",1,1.01,1.02,1,1,0.99,1.01,1,0.99,0.98,1.01,1.02,1,1.01,0.99,0.98,0.97,0.96,0.95,1,1.01,1,1,0.99,0.98,1.01,0.99,1.01,0.99,1.01,1.02,1.03,1.04,1.05,1,1.01,0.99,1.01
"582",1,1,1,1,1,1,1,1,1,1,1,1,1,1,1,1,1,1,1,1,0.99,0.98,0.97,1.01,1.02,0.99,0.98,0.97,0.96,0.95,0.95,0.95,0.95,0.95,0.95,1.01,1.02,1.03
"583",1,0.99,1.01,1,1.01,1.02,1,0.99,0.98,1,1,1.01,0.99,1.01,1.02,1,1.01,1.02,1.03,1.04,1.05,1.05,1,1,1.01,1.02,0.99,0.98,0.97,0.96,0.95,1.01,1.02,0.99,0.98,0.97,0.96,0.95
"584",1,0.99,0.98,1,1.01,1.02,1,1.01,1.02,1.03,1.04,1,1,0.99,0.98,1.01,1,1,1.01,1,1.01,1.02,1,1,1.01,1,1.01,1.02,1.03,1.04,1,1,1.01,1.02,1,1,1,1
"585",1,0.99,1,1,0.99,1.01,1.02,1,1,1,1,0.99,1,1,0.99,0.98,0.97,0.96,0.95,0.95,1,0.99,1,1,1,0.99,0.98,0.97,0.96,1,1,1,1.01,1.02,1,1.01,0.99,1
"586",1,1,1,1,1,1,1,1,1,1,1,1,1,1,1,1,1,1,1,1,1,1,1,1,1,1,1,1,1,1,1,1,1,1,1,1,1,1
"587",1,0.99,1,1,1,0.99,0.98,0.97,0.96,0.95,0.95,0.95,0.95,0.95,0.95,0.95,0.95,0.95,0.95,0.95,0.95,0.95,0.95,0.95,0.95,0.95,0.95,0.95,0.95,0.95,0.95,0.95,0.95,0.95,0.95,0.95,0.95,0.95
"588",1,1,1,1,1,1,1,1,1,1,1,1,1,1,1,1,1,1,1,1,1,1,1,1,1,1,1,1,1,1,1,1,1,1,1,1,1,1
"589",1,1,1,1,1,1,1,1,1,1,1,1,1,1,1,1,1,1,1,1,1,1,1,1,1,1,1,1,1,1,1,1,1,1,1,1,1,1
"590",1,1,1,1,1,1,1,1,1,1,1,1,1,1,1,1,1,1,1,1,1,1,1,1,1,1,1,1,1,1,1,1,1,1,1,1,1,1
"591",1,0.99,1,1,1,1.01,1,1,0.99,1.01,0.99,1.01,0.99,1.01,1,1.01,0.99,0.98,1,1.01,0.99,0.98,0.97,0.96,0.95,0.95,0.95,0.95,0.95,0.95,0.95,1.01,1.02,0.99,0.98,0.97,0.96,1
"592",1,0.99,0.98,1,1,1.01,1.02,1,1.01,1,1,1.01,1,1.01,0.99,0.98,0.97,0.96,0.95,0.95,0.95,0.95,0.95,0.95,0.95,0.95,0.95,0.95,0.95,0.95,0.95,0.95,0.95,0.95,0.95,0.95,0.95,0.95
"593",1,1,1,1,1,1,1,1,1,1,1,1,1,1,1,1,1,1,1,1,1,1,1,1,1,1,1,1,1,1,1,1,1,1,1,1,1,1
"594",1,1,1,1,1,1,1,1,1,1,1,1,1,1,1,1,1,1,1,1,1,1,1,0.99,1.01,1.02,0.99,1.01,0.99,0.98,0.97,0.96,0.95,0.95,1.01,0.99,1,0.99
"595",1,1,1,0.99,0.98,0.97,0.96,0.95,0.95,0.95,0.95,0.95,0.95,0.95,0.95,0.95,1,0.99,0.98,1.01,0.99,1,1,1.01,0.99,1.01,0.99,0.98,0.97,0.96,0.95,1,1,0.99,0.98,0.97,1,1
"596",1,1,1,1,1,1,1,1,1,1,1,1,1,1,1,1,1,1,1,1,1,1,1,1,1,1,1,1,1,1,1,1,1,1,1,1,1,1
"597",1,1,0.99,0.98,1,0.99,0.98,0.97,0.96,0.95,0.95,0.95,0.95,0.95,0.95,0.95,0.95,0.95,0.95,0.95,0.95,0.95,0.95,0.95,0.95,0.95,0.95,1,0.99,1,1,1,1,0.99,1,1,0.99,0.98
"598",1,0.99,1,0.99,1,0.99,0.98,0.97,0.96,0.95,0.95,0.95,0.95,0.95,0.95,0.95,0.95,0.95,1,1.01,1.02,1.03,1,1.01,0.99,1,0.99,1.01,0.99,0.98,0.97,0.96,0.95,1.01,0.99,0.98,0.97,1
"599",1,1,1,1,1,0.99,0.98,0.97,0.96,0.95,0.95,0.95,0.95,1,1,1,0.99,1,1,1,0.99,0.98,0.97,0.96,0.95,0.95,0.95,1,0.99,0.98,0.97,1,0.99,0.98,0.97,0.96,1.01,1
"600",1,0.99,1,1,1,0.99,0.98,0.97,0.96,0.95,0.95,0.95,0.95,0.95,0.95,0.95,0.95,0.95,0.95,0.95,0.95,0.95,0.95,0.95,0.95,0.95,0.95,0.95,0.95,0.95,0.95,0.95,0.95,0.95,0.95,0.95,0.95,0.95
"601",1,1,1,1,1,1,1,1,1,1,1,1,1,1,1,1,1,1,1,1,1,1,1,1,1,1,1,1,1,1,1,1,1,1,1,1,1,1
"602",1,0.99,1,1,1,1,1,1,1,1,1.01,1,0.99,0.98,0.97,0.96,0.95,0.95,0.95,0.95,0.95,0.95,0.95,0.95,0.95,0.95,0.95,0.95,0.95,0.95,0.95,0.95,0.95,0.95,0.95,0.95,0.95,0.95
"603",1,1,1,1,1,1,1,1,1,1,1,1,1,1,1,1,1,1,1,1,1,1,1,0.99,0.98,0.97,0.96,0.95,0.95,0.95,1,1,1,0.99,1.01,1.02,1.03,1
"604",1,0.99,1,0.99,1,0.99,0.98,0.97,0.96,0.95,0.95,0.95,0.95,0.95,0.95,0.95,0.95,0.95,0.95,0.95,0.95,0.95,0.95,0.95,0.95,0.95,0.95,0.95,0.95,0.95,0.95,0.95,0.95,0.95,0.95,0.95,0.95,0.95
"605",1,0.99,1,1,0.99,0.98,1.01,0.99,1,0.99,1.01,0.99,1.01,0.99,0.98,0.97,0.96,0.95,0.95,0.95,0.95,0.95,0.95,0.95,0.95,0.95,0.95,0.95,0.95,0.95,1,1,1,1.01,0.99,0.98,0.97,0.96
"606",1,1,1.01,1,1.01,1.02,0.99,0.98,0.97,0.96,0.95,1.01,1.02,1,1.01,1,1,1,1,1.01,1,1.01,1.02,1,1.01,0.99,1.01,1.02,0.99,0.98,0.97,0.96,0.95,1.01,1,1.01,1,1.01
"607",1,1,1,1,1,1,1.01,0.99,0.98,0.97,1,0.99,0.98,1.01,0.99,1.01,1,1,1.01,0.99,0.98,1,1.01,1,0.99,1,1.01,1.02,0.99,1,0.99,0.98,0.97,1,1.01,1,1.01,1.02
"608",1,1.01,0.99,0.98,1.01,1.02,1,1.01,1,1,1,1,1.01,1,1,1,0.99,1,1.01,1,1,0.99,1.01,1.02,1.03,1,1.01,1.02,0.99,0.98,0.97,1.01,0.99,1,1,1,0.99,1
"609",1,1,1,1,1,1,1,1,1,1,1,1,1,1,1,1,1,1,1,0.99,0.98,0.97,0.96,0.95,0.95,0.95,0.95,0.95,0.95,0.95,0.95,0.95,0.95,0.95,0.95,0.95,0.95,0.95
"610",1,1,1.01,1,1,1,0.99,0.98,0.97,0.96,0.95,0.95,0.95,0.95,1,1,1,1,1.01,1.02,0.99,1,1.01,1,0.99,1,1,1.01,1,1,0.99,1,1,0.99,1,1.01,0.99,0.98
"611",1,0.99,1,1,0.99,0.98,0.97,0.96,0.95,0.95,0.95,0.95,0.95,0.95,1,1.01,0.99,0.98,0.97,0.96,0.95,0.95,1,0.99,0.98,0.97,0.96,1.01,0.99,0.98,1,0.99,1,0.99,0.98,0.97,1,1.01
"612",1,0.99,1,1,1,0.99,0.98,0.97,0.96,0.95,0.95,0.95,0.95,0.95,0.95,0.95,1,0.99,0.98,0.97,0.96,0.95,0.95,0.95,0.95,0.95,0.95,0.95,0.95,0.95,0.95,0.95,0.95,0.95,0.95,0.95,0.95,0.95
"613",1,1,1,1,1,1,1,1,1,1,1,1,1,1,1,1,1,1,1,1,1,1,0.99,0.98,1,1,1,0.99,0.98,0.97,0.96,0.95,0.95,0.95,0.95,0.95,0.95,0.95
"614",1,0.99,1,1,1,0.99,0.98,0.97,0.96,1,0.99,0.98,0.97,0.96,0.95,0.95,0.95,0.95,0.95,1.01,0.99,0.98,0.97,0.96,0.95,0.95,0.95,0.95,1,1.01,1,0.99,0.98,0.97,0.96,0.95,0.95,1.01
"615",1,0.99,0.98,1.01,0.99,0.98,0.97,0.96,0.95,0.95,0.95,0.95,0.95,0.95,0.95,1,0.99,1.01,1,0.99,1,0.99,1.01,0.99,1,0.99,0.98,0.97,0.96,0.95,1,0.99,0.98,0.97,0.96,0.95,0.95,1.01
"616",1,1.01,1,1,0.99,1.01,1.02,1,1,1,1,1,1.01,1,1,1,1.01,0.99,1,0.99,1.01,1,1,1,1,0.99,1,1,0.99,0.98,0.97,0.96,1,0.99,0.98,1,1.01,1
"617",1,0.99,1,0.99,1.01,0.99,1,0.99,0.98,0.97,0.96,1,0.99,0.98,0.97,0.96,0.95,1,1.01,0.99,1.01,0.99,0.98,0.97,0.96,0.95,0.95,0.95,0.95,0.95,0.95,0.95,0.95,0.95,0.95,0.95,0.95,1.01
"618",1,1,1,1,1,1,1,1,1,1,1,1,1,1,1,1,1,1,1,1,1,1,1,1,1,1,1,1,1,1,1,1,1,1,1,1,1,1
"619",1,1,1,1,1,0.99,0.98,0.97,0.96,0.95,0.95,0.95,0.95,0.95,1.01,0.99,1,1,1.01,1,0.99,1.01,1.02,0.99,1.01,0.99,0.98,1,1,1.01,1.02,1,0.99,1.01,0.99,0.98,0.97,0.96
"620",1,1,1,1,1,1,1,1,1,1,1,1,1,1,1,1,1,1,1,1,1,1,1,1,1,1,1,1,1,1,1,1,1,1,1,1,1,1
"621",1,0.99,0.98,0.97,0.96,0.95,0.95,0.95,0.95,0.95,0.95,0.95,0.95,0.95,0.95,0.95,0.95,0.95,0.95,0.95,0.95,0.95,0.95,0.95,0.95,0.95,0.95,0.95,0.95,0.95,0.95,0.95,0.95,0.95,0.95,0.95,0.95,0.95
"622",1,1,1,1,1,1,1,1,1,1,1,1,1,1,1,1,1,1,1,1,1,1,1,1,1,1,1,1,1,1,1,1,1,1,1,1,1,1
"623",1,1,1,1,1,1,1,1,1,1,1,1,1,1,1,1,1,1,1,1,1,1,1,1,1,1,1,1,1,1,1,1,1,1,1,1,1,1
"624",1,0.99,1,1,1,0.99,0.98,0.97,0.96,0.95,0.95,0.95,1,1.01,0.99,0.98,0.97,0.96,0.95,0.95,0.95,0.95,0.95,0.95,0.95,0.95,0.95,0.95,0.95,0.95,0.95,0.95,0.95,0.95,0.95,0.95,0.95,0.95
"625",1,1,1,1,1,0.99,0.98,0.97,0.96,0.95,0.95,0.95,0.95,0.95,0.95,0.95,1,1,0.99,1,1.01,0.99,0.98,0.97,0.96,0.95,0.95,1.01,0.99,1.01,0.99,0.98,0.97,0.96,0.95,0.95,0.95,0.95
